20:31:32 [INFO] Report directory: C:\Users\codie\Projects\Blam-Title-Storage\reports\upgrade-20260819-203132
20:31:32 [INFO] Old CLI: C:\Users\codie\Projects\Blam-Title-Storage\tools\blf_cli_old.exe
20:31:32 [INFO] New CLI: C:\Users\codie\Projects\Blam-Title-Storage\tools\blf_cli_new.exe
20:31:32 [INFO] ======== Halo 3 ODST\Release / Halo 3: ODST / 13895.09.04.27.2201.atlas_release ========
20:31:32 [INFO] Temp build dir: C:\Users\codie\AppData\Local\Temp\blf-upgrade-d84aeb03-67d4-4d23-b317-f6ec439b0da1
20:31:32 [INFO] Step 1: build binaries from configuration
20:31:32 [INFO] Step 2: export game and map variants
20:31:32 [INFO] Step 3: build configuration from binaries
20:31:32 [INFO] Step 4: import variants into configuration
20:31:32 [INFO] Done Halo 3 ODST\Release: build=True build-config=True export 0/0 failed=0 skipped=0 import 0/0 failed=0 skipped=0
20:31:33 [INFO] ======== Halo 3\Epsilon / Halo 3 / 11856.07.08.20.2332.release ========
20:31:33 [INFO] Temp build dir: C:\Users\codie\AppData\Local\Temp\blf-upgrade-668c47b3-61c3-48fa-b5ed-d26f15c81756
20:31:33 [INFO] Step 1: build binaries from configuration
20:31:33 [INFO] Step 2: export game and map variants
20:31:33 [WARN] export-variant unsupported after 1 attempt(s); skipping remaining exports
20:31:33 [WARN] export-variant is unsupported for this title/version; variants rely on build/build-config
20:31:33 [INFO] Step 3: build configuration from binaries
20:31:33 [INFO] Step 4: import variants into configuration
20:31:33 [INFO] Done Halo 3\Epsilon: build=True build-config=True export 0/1 failed=0 skipped=1 import 0/0 failed=0 skipped=0
20:31:33 [INFO] ======== Halo 3\11729.07.08.10.0021.main / Halo 3 / 11729.07.08.10.0021.main ========
20:31:33 [INFO] Temp build dir: C:\Users\codie\AppData\Local\Temp\blf-upgrade-6acc8b17-e6de-497d-899c-cdb9ebf1b8fd
20:31:33 [INFO] Step 1: build binaries from configuration
20:31:33 [INFO] Step 2: export game and map variants
20:31:33 [WARN] export-variant unsupported after 1 attempt(s); skipping remaining exports
20:31:33 [WARN] export-variant is unsupported for this title/version; variants rely on build/build-config
20:31:33 [INFO] Step 3: build configuration from binaries
20:31:33 [INFO] Step 4: import variants into configuration
20:31:33 [INFO] Done Halo 3\11729.07.08.10.0021.main: build=True build-config=True export 0/1 failed=0 skipped=1 import 0/0 failed=0 skipped=0
20:31:33 [INFO] ======== Halo 3\Delta / Halo 3 / 10015.07.05.14.2217.delta ========
20:31:33 [INFO] Temp build dir: C:\Users\codie\AppData\Local\Temp\blf-upgrade-75e5a225-80f3-40d3-8e8c-96f57ac84da2
20:31:33 [INFO] Step 1: build binaries from configuration
20:31:34 [INFO] Step 2: export game and map variants
20:31:34 [WARN] export-variant unsupported after 1 attempt(s); skipping remaining exports
20:31:34 [WARN] export-variant is unsupported for this title/version; variants rely on build/build-config
20:31:34 [INFO] Step 3: build configuration from binaries
20:31:34 [ERROR] FAILURE Halo 3 10015.07.05.14.2217.delta build-config: C:\Users\codie\Projects\Blam-Title-Storage\Halo 3\Delta
20:31:34 [INFO] Step 4: import variants into configuration
20:31:34 [INFO] Keeping build dir at C:\Users\codie\Projects\Blam-Title-Storage\reports\upgrade-20260819-203132\Halo_3_Delta\build_dir
20:31:34 [INFO] Done Halo 3\Delta: build=True build-config=False export 0/1 failed=0 skipped=1 import 0/0 failed=0 skipped=0
20:31:34 [INFO] ======== Halo 3\08172.07.03.08.2240.delta / Halo 3 / 08172.07.03.08.2240.delta ========
20:31:34 [INFO] Temp build dir: C:\Users\codie\AppData\Local\Temp\blf-upgrade-0e20d77f-d0d5-4fdc-b2bf-27c09621e840
20:31:34 [INFO] Step 1: build binaries from configuration
20:31:35 [INFO] Step 2: export game and map variants
20:31:35 [WARN] export-variant unsupported after 1 attempt(s); skipping remaining exports
20:31:35 [WARN] export-variant is unsupported for this title/version; variants rely on build/build-config
20:31:35 [INFO] Step 3: build configuration from binaries
20:31:35 [INFO] Step 4: import variants into configuration
20:31:35 [INFO] Done Halo 3\08172.07.03.08.2240.delta: build=True build-config=True export 0/1 failed=0 skipped=1 import 0/0 failed=0 skipped=0
20:31:35 [INFO] ======== Halo 3\08117.07.03.07.1702.delta / Halo 3 / 08117.07.03.07.1702.delta ========
20:31:35 [INFO] Temp build dir: C:\Users\codie\AppData\Local\Temp\blf-upgrade-3abe77be-2d59-4034-80f5-9af3d9a8a7b3
20:31:35 [INFO] Step 1: build binaries from configuration
20:31:36 [INFO] Step 2: export game and map variants
20:31:36 [WARN] export-variant unsupported after 1 attempt(s); skipping remaining exports
20:31:36 [WARN] export-variant is unsupported for this title/version; variants rely on build/build-config
20:31:36 [INFO] Step 3: build configuration from binaries
20:31:36 [INFO] Step 4: import variants into configuration
20:31:36 [INFO] Done Halo 3\08117.07.03.07.1702.delta: build=True build-config=True export 0/1 failed=0 skipped=1 import 0/0 failed=0 skipped=0
20:31:36 [INFO] ======== Halo 3\06481.06.11.17.1330.alpha_release / Halo 3 / 06481.06.11.17.1330.alpha_release ========
20:31:36 [INFO] Temp build dir: C:\Users\codie\AppData\Local\Temp\blf-upgrade-2ccc30ca-38de-4569-afb3-5dc556539a97
20:31:36 [INFO] Step 1: build binaries from configuration
20:31:37 [INFO] Step 2: export game and map variants
20:31:37 [WARN] export-variant unsupported after 1 attempt(s); skipping remaining exports
20:31:37 [WARN] export-variant is unsupported for this title/version; variants rely on build/build-config
20:31:37 [INFO] Step 3: build configuration from binaries
20:31:37 [INFO] Step 4: import variants into configuration
20:31:37 [INFO] Done Halo 3\06481.06.11.17.1330.alpha_release: build=True build-config=True export 0/1 failed=0 skipped=1 import 0/0 failed=0 skipped=0
20:31:37 [INFO] ======== Halo Reach\Alpha / Halo: Reach / 08516.10.02.19.1607.omaha_alpha ========
20:31:37 [INFO] Temp build dir: C:\Users\codie\AppData\Local\Temp\blf-upgrade-a2b2413c-1295-4fc7-9d1c-6914e413a6c0
20:31:37 [INFO] Step 1: build binaries from configuration
20:31:37 [INFO] Step 2: export game and map variants
20:31:38 [ERROR] FAILURE Halo: Reach 08516.10.02.19.1607.omaha_alpha export-variant: C:\Users\codie\Projects\Blam-Title-Storage\Halo Reach\Alpha\default_hoppers\game_variants\arena_slayer.json
20:31:38 [ERROR] FAILURE Halo: Reach 08516.10.02.19.1607.omaha_alpha export-variant: C:\Users\codie\Projects\Blam-Title-Storage\Halo Reach\Alpha\default_hoppers\game_variants\arena_slayer_classic.json
20:31:38 [ERROR] FAILURE Halo: Reach 08516.10.02.19.1607.omaha_alpha export-variant: C:\Users\codie\Projects\Blam-Title-Storage\Halo Reach\Alpha\default_hoppers\game_variants\arena_slayer_covy.json
20:31:38 [ERROR] FAILURE Halo: Reach 08516.10.02.19.1607.omaha_alpha export-variant: C:\Users\codie\Projects\Blam-Title-Storage\Halo Reach\Alpha\default_hoppers\game_variants\arena_slayer_pro.json
20:31:38 [ERROR] FAILURE Halo: Reach 08516.10.02.19.1607.omaha_alpha export-variant: C:\Users\codie\Projects\Blam-Title-Storage\Halo Reach\Alpha\default_hoppers\game_variants\arena_slayer_swat.json
20:31:38 [ERROR] FAILURE Halo: Reach 08516.10.02.19.1607.omaha_alpha export-variant: C:\Users\codie\Projects\Blam-Title-Storage\Halo Reach\Alpha\default_hoppers\game_variants\clowntown.json
20:31:38 [ERROR] FAILURE Halo: Reach 08516.10.02.19.1607.omaha_alpha export-variant: C:\Users\codie\Projects\Blam-Title-Storage\Halo Reach\Alpha\default_hoppers\game_variants\ctf.json
20:31:38 [ERROR] FAILURE Halo: Reach 08516.10.02.19.1607.omaha_alpha export-variant: C:\Users\codie\Projects\Blam-Title-Storage\Halo Reach\Alpha\default_hoppers\game_variants\invasion_boneyard.json
20:31:38 [ERROR] FAILURE Halo: Reach 08516.10.02.19.1607.omaha_alpha export-variant: C:\Users\codie\Projects\Blam-Title-Storage\Halo Reach\Alpha\default_hoppers\game_variants\invasion_slayer_default.json
20:31:38 [ERROR] FAILURE Halo: Reach 08516.10.02.19.1607.omaha_alpha export-variant: C:\Users\codie\Projects\Blam-Title-Storage\Halo Reach\Alpha\default_hoppers\game_variants\juggernaut.json
20:31:38 [ERROR] FAILURE Halo: Reach 08516.10.02.19.1607.omaha_alpha export-variant: C:\Users\codie\Projects\Blam-Title-Storage\Halo Reach\Alpha\default_hoppers\game_variants\koth.json
20:31:38 [ERROR] FAILURE Halo: Reach 08516.10.02.19.1607.omaha_alpha export-variant: C:\Users\codie\Projects\Blam-Title-Storage\Halo Reach\Alpha\default_hoppers\game_variants\slayer.json
20:31:38 [ERROR] FAILURE Halo: Reach 08516.10.02.19.1607.omaha_alpha export-variant: C:\Users\codie\Projects\Blam-Title-Storage\Halo Reach\Alpha\default_hoppers\game_variants\slayer_covy.json
20:31:38 [ERROR] FAILURE Halo: Reach 08516.10.02.19.1607.omaha_alpha export-variant: C:\Users\codie\Projects\Blam-Title-Storage\Halo Reach\Alpha\default_hoppers\game_variants\slayer_pro.json
20:31:38 [ERROR] FAILURE Halo: Reach 08516.10.02.19.1607.omaha_alpha export-variant: C:\Users\codie\Projects\Blam-Title-Storage\Halo Reach\Alpha\default_hoppers\game_variants\stockpile.json
20:31:38 [ERROR] FAILURE Halo: Reach 08516.10.02.19.1607.omaha_alpha export-variant: C:\Users\codie\Projects\Blam-Title-Storage\Halo Reach\Alpha\default_hoppers\game_variants\SWAT.json
20:31:38 [INFO] Step 3: build configuration from binaries
20:31:38 [ERROR] FAILURE Halo: Reach 08516.10.02.19.1607.omaha_alpha build-config: C:\Users\codie\Projects\Blam-Title-Storage\Halo Reach\Alpha
20:31:38 [INFO] Step 4: import variants into configuration
20:31:40 [ERROR] FAILURE Halo: Reach 08516.10.02.19.1607.omaha_alpha import-variant: C:\Users\codie\AppData\Local\Temp\blf-upgrade-a2b2413c-1295-4fc7-9d1c-6914e413a6c0\default_hoppers\game_variants\1nvasion.bin
20:31:40 [ERROR] FAILURE Halo: Reach 08516.10.02.19.1607.omaha_alpha import-variant: C:\Users\codie\AppData\Local\Temp\blf-upgrade-a2b2413c-1295-4fc7-9d1c-6914e413a6c0\default_hoppers\game_variants\1nvasion_slayer.bin
20:31:40 [ERROR] FAILURE Halo: Reach 08516.10.02.19.1607.omaha_alpha import-variant: C:\Users\codie\AppData\Local\Temp\blf-upgrade-a2b2413c-1295-4fc7-9d1c-6914e413a6c0\default_hoppers\game_variants\arena_slayer.bin
20:31:40 [ERROR] FAILURE Halo: Reach 08516.10.02.19.1607.omaha_alpha import-variant: C:\Users\codie\AppData\Local\Temp\blf-upgrade-a2b2413c-1295-4fc7-9d1c-6914e413a6c0\default_hoppers\game_variants\arena_slayer_classic.bin
20:31:40 [ERROR] FAILURE Halo: Reach 08516.10.02.19.1607.omaha_alpha import-variant: C:\Users\codie\AppData\Local\Temp\blf-upgrade-a2b2413c-1295-4fc7-9d1c-6914e413a6c0\default_hoppers\game_variants\arena_slayer_covy.bin
20:31:40 [ERROR] FAILURE Halo: Reach 08516.10.02.19.1607.omaha_alpha import-variant: C:\Users\codie\AppData\Local\Temp\blf-upgrade-a2b2413c-1295-4fc7-9d1c-6914e413a6c0\default_hoppers\game_variants\arena_slayer_pro.bin
20:31:40 [ERROR] FAILURE Halo: Reach 08516.10.02.19.1607.omaha_alpha import-variant: C:\Users\codie\AppData\Local\Temp\blf-upgrade-a2b2413c-1295-4fc7-9d1c-6914e413a6c0\default_hoppers\game_variants\arena_slayer_swat.bin
20:31:40 [ERROR] FAILURE Halo: Reach 08516.10.02.19.1607.omaha_alpha import-variant: C:\Users\codie\AppData\Local\Temp\blf-upgrade-a2b2413c-1295-4fc7-9d1c-6914e413a6c0\default_hoppers\game_variants\clowntown.bin
20:31:40 [ERROR] FAILURE Halo: Reach 08516.10.02.19.1607.omaha_alpha import-variant: C:\Users\codie\AppData\Local\Temp\blf-upgrade-a2b2413c-1295-4fc7-9d1c-6914e413a6c0\default_hoppers\game_variants\ctf.bin
20:31:41 [ERROR] FAILURE Halo: Reach 08516.10.02.19.1607.omaha_alpha import-variant: C:\Users\codie\AppData\Local\Temp\blf-upgrade-a2b2413c-1295-4fc7-9d1c-6914e413a6c0\default_hoppers\game_variants\invasion_boneyard.bin
20:31:41 [ERROR] FAILURE Halo: Reach 08516.10.02.19.1607.omaha_alpha import-variant: C:\Users\codie\AppData\Local\Temp\blf-upgrade-a2b2413c-1295-4fc7-9d1c-6914e413a6c0\default_hoppers\game_variants\invasion_slayer_default.bin
20:31:41 [ERROR] FAILURE Halo: Reach 08516.10.02.19.1607.omaha_alpha import-variant: C:\Users\codie\AppData\Local\Temp\blf-upgrade-a2b2413c-1295-4fc7-9d1c-6914e413a6c0\default_hoppers\game_variants\juggernaut.bin
20:31:41 [ERROR] FAILURE Halo: Reach 08516.10.02.19.1607.omaha_alpha import-variant: C:\Users\codie\AppData\Local\Temp\blf-upgrade-a2b2413c-1295-4fc7-9d1c-6914e413a6c0\default_hoppers\game_variants\koth.bin
20:31:41 [ERROR] FAILURE Halo: Reach 08516.10.02.19.1607.omaha_alpha import-variant: C:\Users\codie\AppData\Local\Temp\blf-upgrade-a2b2413c-1295-4fc7-9d1c-6914e413a6c0\default_hoppers\game_variants\koth_crazyking.bin
20:31:41 [ERROR] FAILURE Halo: Reach 08516.10.02.19.1607.omaha_alpha import-variant: C:\Users\codie\AppData\Local\Temp\blf-upgrade-a2b2413c-1295-4fc7-9d1c-6914e413a6c0\default_hoppers\game_variants\koth_ffa_crazyking.bin
20:31:42 [ERROR] FAILURE Halo: Reach 08516.10.02.19.1607.omaha_alpha import-variant: C:\Users\codie\AppData\Local\Temp\blf-upgrade-a2b2413c-1295-4fc7-9d1c-6914e413a6c0\default_hoppers\game_variants\slayer.bin
20:31:42 [ERROR] FAILURE Halo: Reach 08516.10.02.19.1607.omaha_alpha import-variant: C:\Users\codie\AppData\Local\Temp\blf-upgrade-a2b2413c-1295-4fc7-9d1c-6914e413a6c0\default_hoppers\game_variants\slayer_classic.bin
20:31:42 [ERROR] FAILURE Halo: Reach 08516.10.02.19.1607.omaha_alpha import-variant: C:\Users\codie\AppData\Local\Temp\blf-upgrade-a2b2413c-1295-4fc7-9d1c-6914e413a6c0\default_hoppers\game_variants\slayer_covy.bin
20:31:42 [ERROR] FAILURE Halo: Reach 08516.10.02.19.1607.omaha_alpha import-variant: C:\Users\codie\AppData\Local\Temp\blf-upgrade-a2b2413c-1295-4fc7-9d1c-6914e413a6c0\default_hoppers\game_variants\slayer_ffa.bin
20:31:42 [ERROR] FAILURE Halo: Reach 08516.10.02.19.1607.omaha_alpha import-variant: C:\Users\codie\AppData\Local\Temp\blf-upgrade-a2b2413c-1295-4fc7-9d1c-6914e413a6c0\default_hoppers\game_variants\slayer_ffa_pro.bin
20:31:42 [ERROR] FAILURE Halo: Reach 08516.10.02.19.1607.omaha_alpha import-variant: C:\Users\codie\AppData\Local\Temp\blf-upgrade-a2b2413c-1295-4fc7-9d1c-6914e413a6c0\default_hoppers\game_variants\slayer_pro.bin
20:31:42 [ERROR] FAILURE Halo: Reach 08516.10.02.19.1607.omaha_alpha import-variant: C:\Users\codie\AppData\Local\Temp\blf-upgrade-a2b2413c-1295-4fc7-9d1c-6914e413a6c0\default_hoppers\game_variants\slayer_team.bin
20:31:42 [ERROR] FAILURE Halo: Reach 08516.10.02.19.1607.omaha_alpha import-variant: C:\Users\codie\AppData\Local\Temp\blf-upgrade-a2b2413c-1295-4fc7-9d1c-6914e413a6c0\default_hoppers\game_variants\slayer_team_classic.bin
20:31:42 [ERROR] FAILURE Halo: Reach 08516.10.02.19.1607.omaha_alpha import-variant: C:\Users\codie\AppData\Local\Temp\blf-upgrade-a2b2413c-1295-4fc7-9d1c-6914e413a6c0\default_hoppers\game_variants\slayer_team_covy.bin
20:31:42 [ERROR] FAILURE Halo: Reach 08516.10.02.19.1607.omaha_alpha import-variant: C:\Users\codie\AppData\Local\Temp\blf-upgrade-a2b2413c-1295-4fc7-9d1c-6914e413a6c0\default_hoppers\game_variants\slayer_team_pro.bin
20:31:42 [ERROR] FAILURE Halo: Reach 08516.10.02.19.1607.omaha_alpha import-variant: C:\Users\codie\AppData\Local\Temp\blf-upgrade-a2b2413c-1295-4fc7-9d1c-6914e413a6c0\default_hoppers\game_variants\slayer_team_swat.bin
20:31:42 [ERROR] FAILURE Halo: Reach 08516.10.02.19.1607.omaha_alpha import-variant: C:\Users\codie\AppData\Local\Temp\blf-upgrade-a2b2413c-1295-4fc7-9d1c-6914e413a6c0\default_hoppers\game_variants\stockpile.bin
20:31:42 [ERROR] FAILURE Halo: Reach 08516.10.02.19.1607.omaha_alpha import-variant: C:\Users\codie\AppData\Local\Temp\blf-upgrade-a2b2413c-1295-4fc7-9d1c-6914e413a6c0\default_hoppers\game_variants\SWAT.bin
20:31:43 [INFO] Keeping build dir at C:\Users\codie\Projects\Blam-Title-Storage\reports\upgrade-20260819-203132\Halo_Reach_Alpha\build_dir
20:31:43 [INFO] Done Halo Reach\Alpha: build=True build-config=False export 23/39 failed=16 skipped=0 import 11/39 failed=28 skipped=0
20:31:43 [INFO] ======== Halo Reach\Beta / Halo: Reach / 09449.10.03.25.1545.omaha_beta ========
20:31:43 [INFO] Temp build dir: C:\Users\codie\AppData\Local\Temp\blf-upgrade-aefd4f90-91eb-4490-99ac-c1b5e0cb41eb
20:31:43 [INFO] Step 1: build binaries from configuration
20:31:43 [INFO] Step 2: export game and map variants
20:31:44 [ERROR] FAILURE Halo: Reach 09449.10.03.25.1545.omaha_beta export-variant: C:\Users\codie\Projects\Blam-Title-Storage\Halo Reach\Beta\default_hoppers\game_variants\1nvasion_island.json
20:31:44 [ERROR] FAILURE Halo: Reach 09449.10.03.25.1545.omaha_beta export-variant: C:\Users\codie\Projects\Blam-Title-Storage\Halo Reach\Beta\default_hoppers\game_variants\arena_slayer.json
20:31:44 [ERROR] FAILURE Halo: Reach 09449.10.03.25.1545.omaha_beta export-variant: C:\Users\codie\Projects\Blam-Title-Storage\Halo Reach\Beta\default_hoppers\game_variants\arena_slayer_classic.json
20:31:44 [ERROR] FAILURE Halo: Reach 09449.10.03.25.1545.omaha_beta export-variant: C:\Users\codie\Projects\Blam-Title-Storage\Halo Reach\Beta\default_hoppers\game_variants\arena_slayer_covy.json
20:31:44 [ERROR] FAILURE Halo: Reach 09449.10.03.25.1545.omaha_beta export-variant: C:\Users\codie\Projects\Blam-Title-Storage\Halo Reach\Beta\default_hoppers\game_variants\arena_slayer_pro.json
20:31:44 [ERROR] FAILURE Halo: Reach 09449.10.03.25.1545.omaha_beta export-variant: C:\Users\codie\Projects\Blam-Title-Storage\Halo Reach\Beta\default_hoppers\game_variants\arena_slayer_swat.json
20:31:44 [ERROR] FAILURE Halo: Reach 09449.10.03.25.1545.omaha_beta export-variant: C:\Users\codie\Projects\Blam-Title-Storage\Halo Reach\Beta\default_hoppers\game_variants\clowntown.json
20:31:44 [ERROR] FAILURE Halo: Reach 09449.10.03.25.1545.omaha_beta export-variant: C:\Users\codie\Projects\Blam-Title-Storage\Halo Reach\Beta\default_hoppers\game_variants\ctf.json
20:31:44 [ERROR] FAILURE Halo: Reach 09449.10.03.25.1545.omaha_beta export-variant: C:\Users\codie\Projects\Blam-Title-Storage\Halo Reach\Beta\default_hoppers\game_variants\invasion_boneyard.json
20:31:44 [ERROR] FAILURE Halo: Reach 09449.10.03.25.1545.omaha_beta export-variant: C:\Users\codie\Projects\Blam-Title-Storage\Halo Reach\Beta\default_hoppers\game_variants\invasion_slayer_default.json
20:31:44 [ERROR] FAILURE Halo: Reach 09449.10.03.25.1545.omaha_beta export-variant: C:\Users\codie\Projects\Blam-Title-Storage\Halo Reach\Beta\default_hoppers\game_variants\juggernaut.json
20:31:44 [ERROR] FAILURE Halo: Reach 09449.10.03.25.1545.omaha_beta export-variant: C:\Users\codie\Projects\Blam-Title-Storage\Halo Reach\Beta\default_hoppers\game_variants\koth.json
20:31:44 [ERROR] FAILURE Halo: Reach 09449.10.03.25.1545.omaha_beta export-variant: C:\Users\codie\Projects\Blam-Title-Storage\Halo Reach\Beta\default_hoppers\game_variants\race.json
20:31:44 [ERROR] FAILURE Halo: Reach 09449.10.03.25.1545.omaha_beta export-variant: C:\Users\codie\Projects\Blam-Title-Storage\Halo Reach\Beta\default_hoppers\game_variants\rally.json
20:31:44 [ERROR] FAILURE Halo: Reach 09449.10.03.25.1545.omaha_beta export-variant: C:\Users\codie\Projects\Blam-Title-Storage\Halo Reach\Beta\default_hoppers\game_variants\slayer.json
20:31:44 [ERROR] FAILURE Halo: Reach 09449.10.03.25.1545.omaha_beta export-variant: C:\Users\codie\Projects\Blam-Title-Storage\Halo Reach\Beta\default_hoppers\game_variants\slayer_covy.json
20:31:44 [ERROR] FAILURE Halo: Reach 09449.10.03.25.1545.omaha_beta export-variant: C:\Users\codie\Projects\Blam-Title-Storage\Halo Reach\Beta\default_hoppers\game_variants\slayer_pro.json
20:31:44 [ERROR] FAILURE Halo: Reach 09449.10.03.25.1545.omaha_beta export-variant: C:\Users\codie\Projects\Blam-Title-Storage\Halo Reach\Beta\default_hoppers\game_variants\stockpile.json
20:31:44 [ERROR] FAILURE Halo: Reach 09449.10.03.25.1545.omaha_beta export-variant: C:\Users\codie\Projects\Blam-Title-Storage\Halo Reach\Beta\default_hoppers\game_variants\SWAT.json
20:31:44 [ERROR] FAILURE Halo: Reach 09449.10.03.25.1545.omaha_beta export-variant: C:\Users\codie\Projects\Blam-Title-Storage\Halo Reach\Beta\default_hoppers\game_variants\territories-3plot.json
20:31:44 [INFO] Step 3: build configuration from binaries
20:31:45 [ERROR] FAILURE Halo: Reach 09449.10.03.25.1545.omaha_beta build-config: C:\Users\codie\Projects\Blam-Title-Storage\Halo Reach\Beta
20:31:45 [INFO] Step 4: import variants into configuration
20:31:48 [ERROR] FAILURE Halo: Reach 09449.10.03.25.1545.omaha_beta import-variant: C:\Users\codie\AppData\Local\Temp\blf-upgrade-aefd4f90-91eb-4490-99ac-c1b5e0cb41eb\default_hoppers\game_variants\1nvasion.bin
20:31:48 [ERROR] FAILURE Halo: Reach 09449.10.03.25.1545.omaha_beta import-variant: C:\Users\codie\AppData\Local\Temp\blf-upgrade-aefd4f90-91eb-4490-99ac-c1b5e0cb41eb\default_hoppers\game_variants\1nvasion_island.bin
20:31:48 [ERROR] FAILURE Halo: Reach 09449.10.03.25.1545.omaha_beta import-variant: C:\Users\codie\AppData\Local\Temp\blf-upgrade-aefd4f90-91eb-4490-99ac-c1b5e0cb41eb\default_hoppers\game_variants\1nvasion_slayer.bin
20:31:48 [ERROR] FAILURE Halo: Reach 09449.10.03.25.1545.omaha_beta import-variant: C:\Users\codie\AppData\Local\Temp\blf-upgrade-aefd4f90-91eb-4490-99ac-c1b5e0cb41eb\default_hoppers\game_variants\arena_slayer.bin
20:31:48 [ERROR] FAILURE Halo: Reach 09449.10.03.25.1545.omaha_beta import-variant: C:\Users\codie\AppData\Local\Temp\blf-upgrade-aefd4f90-91eb-4490-99ac-c1b5e0cb41eb\default_hoppers\game_variants\arena_slayer_classic.bin
20:31:48 [ERROR] FAILURE Halo: Reach 09449.10.03.25.1545.omaha_beta import-variant: C:\Users\codie\AppData\Local\Temp\blf-upgrade-aefd4f90-91eb-4490-99ac-c1b5e0cb41eb\default_hoppers\game_variants\arena_slayer_covy.bin
20:31:48 [ERROR] FAILURE Halo: Reach 09449.10.03.25.1545.omaha_beta import-variant: C:\Users\codie\AppData\Local\Temp\blf-upgrade-aefd4f90-91eb-4490-99ac-c1b5e0cb41eb\default_hoppers\game_variants\arena_slayer_pro.bin
20:31:48 [ERROR] FAILURE Halo: Reach 09449.10.03.25.1545.omaha_beta import-variant: C:\Users\codie\AppData\Local\Temp\blf-upgrade-aefd4f90-91eb-4490-99ac-c1b5e0cb41eb\default_hoppers\game_variants\arena_slayer_swat.bin
20:31:48 [ERROR] FAILURE Halo: Reach 09449.10.03.25.1545.omaha_beta import-variant: C:\Users\codie\AppData\Local\Temp\blf-upgrade-aefd4f90-91eb-4490-99ac-c1b5e0cb41eb\default_hoppers\game_variants\clowntown.bin
20:31:48 [ERROR] FAILURE Halo: Reach 09449.10.03.25.1545.omaha_beta import-variant: C:\Users\codie\AppData\Local\Temp\blf-upgrade-aefd4f90-91eb-4490-99ac-c1b5e0cb41eb\default_hoppers\game_variants\ctf.bin
20:31:49 [ERROR] FAILURE Halo: Reach 09449.10.03.25.1545.omaha_beta import-variant: C:\Users\codie\AppData\Local\Temp\blf-upgrade-aefd4f90-91eb-4490-99ac-c1b5e0cb41eb\default_hoppers\game_variants\invasion_boneyard.bin
20:31:49 [ERROR] FAILURE Halo: Reach 09449.10.03.25.1545.omaha_beta import-variant: C:\Users\codie\AppData\Local\Temp\blf-upgrade-aefd4f90-91eb-4490-99ac-c1b5e0cb41eb\default_hoppers\game_variants\invasion_slayer_default.bin
20:31:49 [ERROR] FAILURE Halo: Reach 09449.10.03.25.1545.omaha_beta import-variant: C:\Users\codie\AppData\Local\Temp\blf-upgrade-aefd4f90-91eb-4490-99ac-c1b5e0cb41eb\default_hoppers\game_variants\juggernaut.bin
20:31:49 [ERROR] FAILURE Halo: Reach 09449.10.03.25.1545.omaha_beta import-variant: C:\Users\codie\AppData\Local\Temp\blf-upgrade-aefd4f90-91eb-4490-99ac-c1b5e0cb41eb\default_hoppers\game_variants\koth.bin
20:31:50 [ERROR] FAILURE Halo: Reach 09449.10.03.25.1545.omaha_beta import-variant: C:\Users\codie\AppData\Local\Temp\blf-upgrade-aefd4f90-91eb-4490-99ac-c1b5e0cb41eb\default_hoppers\game_variants\oddball.bin
20:31:50 [ERROR] FAILURE Halo: Reach 09449.10.03.25.1545.omaha_beta import-variant: C:\Users\codie\AppData\Local\Temp\blf-upgrade-aefd4f90-91eb-4490-99ac-c1b5e0cb41eb\default_hoppers\game_variants\oddball_ffa.bin
20:31:50 [ERROR] FAILURE Halo: Reach 09449.10.03.25.1545.omaha_beta import-variant: C:\Users\codie\AppData\Local\Temp\blf-upgrade-aefd4f90-91eb-4490-99ac-c1b5e0cb41eb\default_hoppers\game_variants\race.bin
20:31:50 [ERROR] FAILURE Halo: Reach 09449.10.03.25.1545.omaha_beta import-variant: C:\Users\codie\AppData\Local\Temp\blf-upgrade-aefd4f90-91eb-4490-99ac-c1b5e0cb41eb\default_hoppers\game_variants\rally.bin
20:31:50 [ERROR] FAILURE Halo: Reach 09449.10.03.25.1545.omaha_beta import-variant: C:\Users\codie\AppData\Local\Temp\blf-upgrade-aefd4f90-91eb-4490-99ac-c1b5e0cb41eb\default_hoppers\game_variants\slayer.bin
20:31:50 [ERROR] FAILURE Halo: Reach 09449.10.03.25.1545.omaha_beta import-variant: C:\Users\codie\AppData\Local\Temp\blf-upgrade-aefd4f90-91eb-4490-99ac-c1b5e0cb41eb\default_hoppers\game_variants\slayer_covy.bin
20:31:51 [ERROR] FAILURE Halo: Reach 09449.10.03.25.1545.omaha_beta import-variant: C:\Users\codie\AppData\Local\Temp\blf-upgrade-aefd4f90-91eb-4490-99ac-c1b5e0cb41eb\default_hoppers\game_variants\slayer_pro.bin
20:31:53 [ERROR] FAILURE Halo: Reach 09449.10.03.25.1545.omaha_beta import-variant: C:\Users\codie\AppData\Local\Temp\blf-upgrade-aefd4f90-91eb-4490-99ac-c1b5e0cb41eb\default_hoppers\game_variants\stockpile.bin
20:31:53 [ERROR] FAILURE Halo: Reach 09449.10.03.25.1545.omaha_beta import-variant: C:\Users\codie\AppData\Local\Temp\blf-upgrade-aefd4f90-91eb-4490-99ac-c1b5e0cb41eb\default_hoppers\game_variants\SWAT.bin
20:31:53 [ERROR] FAILURE Halo: Reach 09449.10.03.25.1545.omaha_beta import-variant: C:\Users\codie\AppData\Local\Temp\blf-upgrade-aefd4f90-91eb-4490-99ac-c1b5e0cb41eb\default_hoppers\game_variants\territories-3plot.bin
20:31:54 [INFO] Keeping build dir at C:\Users\codie\Projects\Blam-Title-Storage\reports\upgrade-20260819-203132\Halo_Reach_Beta\build_dir
20:31:54 [INFO] Done Halo Reach\Beta: build=True build-config=False export 23/43 failed=20 skipped=0 import 19/43 failed=24 skipped=0
20:31:54 [INFO] ======== Halo Reach\Delta / Halo: Reach / 09730.10.04.09.1309.omaha_delta ========
20:31:54 [INFO] Temp build dir: C:\Users\codie\AppData\Local\Temp\blf-upgrade-e9410715-4f29-4edf-9fcf-4d1f40c662be
20:31:54 [INFO] Step 1: build binaries from configuration
20:31:56 [INFO] Step 2: export game and map variants
20:31:56 [ERROR] FAILURE Halo: Reach 09730.10.04.09.1309.omaha_delta export-variant: C:\Users\codie\Projects\Blam-Title-Storage\Halo Reach\Delta\default_hoppers\game_variants\1nvasion_island.json
20:31:56 [ERROR] FAILURE Halo: Reach 09730.10.04.09.1309.omaha_delta export-variant: C:\Users\codie\Projects\Blam-Title-Storage\Halo Reach\Delta\default_hoppers\game_variants\arena_slayer.json
20:31:56 [ERROR] FAILURE Halo: Reach 09730.10.04.09.1309.omaha_delta export-variant: C:\Users\codie\Projects\Blam-Title-Storage\Halo Reach\Delta\default_hoppers\game_variants\arena_slayer_classic.json
20:31:56 [ERROR] FAILURE Halo: Reach 09730.10.04.09.1309.omaha_delta export-variant: C:\Users\codie\Projects\Blam-Title-Storage\Halo Reach\Delta\default_hoppers\game_variants\arena_slayer_covy.json
20:31:56 [ERROR] FAILURE Halo: Reach 09730.10.04.09.1309.omaha_delta export-variant: C:\Users\codie\Projects\Blam-Title-Storage\Halo Reach\Delta\default_hoppers\game_variants\arena_slayer_pro.json
20:31:56 [ERROR] FAILURE Halo: Reach 09730.10.04.09.1309.omaha_delta export-variant: C:\Users\codie\Projects\Blam-Title-Storage\Halo Reach\Delta\default_hoppers\game_variants\arena_slayer_swat.json
20:31:56 [ERROR] FAILURE Halo: Reach 09730.10.04.09.1309.omaha_delta export-variant: C:\Users\codie\Projects\Blam-Title-Storage\Halo Reach\Delta\default_hoppers\game_variants\clowntown.json
20:31:57 [ERROR] FAILURE Halo: Reach 09730.10.04.09.1309.omaha_delta export-variant: C:\Users\codie\Projects\Blam-Title-Storage\Halo Reach\Delta\default_hoppers\game_variants\ctf.json
20:31:57 [ERROR] FAILURE Halo: Reach 09730.10.04.09.1309.omaha_delta export-variant: C:\Users\codie\Projects\Blam-Title-Storage\Halo Reach\Delta\default_hoppers\game_variants\invasion_boneyard.json
20:31:57 [ERROR] FAILURE Halo: Reach 09730.10.04.09.1309.omaha_delta export-variant: C:\Users\codie\Projects\Blam-Title-Storage\Halo Reach\Delta\default_hoppers\game_variants\invasion_slayer_default.json
20:31:57 [ERROR] FAILURE Halo: Reach 09730.10.04.09.1309.omaha_delta export-variant: C:\Users\codie\Projects\Blam-Title-Storage\Halo Reach\Delta\default_hoppers\game_variants\juggernaut.json
20:31:57 [ERROR] FAILURE Halo: Reach 09730.10.04.09.1309.omaha_delta export-variant: C:\Users\codie\Projects\Blam-Title-Storage\Halo Reach\Delta\default_hoppers\game_variants\koth.json
20:31:57 [ERROR] FAILURE Halo: Reach 09730.10.04.09.1309.omaha_delta export-variant: C:\Users\codie\Projects\Blam-Title-Storage\Halo Reach\Delta\default_hoppers\game_variants\race.json
20:31:57 [ERROR] FAILURE Halo: Reach 09730.10.04.09.1309.omaha_delta export-variant: C:\Users\codie\Projects\Blam-Title-Storage\Halo Reach\Delta\default_hoppers\game_variants\rally.json
20:31:58 [ERROR] FAILURE Halo: Reach 09730.10.04.09.1309.omaha_delta export-variant: C:\Users\codie\Projects\Blam-Title-Storage\Halo Reach\Delta\default_hoppers\game_variants\slayer.json
20:31:58 [ERROR] FAILURE Halo: Reach 09730.10.04.09.1309.omaha_delta export-variant: C:\Users\codie\Projects\Blam-Title-Storage\Halo Reach\Delta\default_hoppers\game_variants\slayer_covy.json
20:31:58 [ERROR] FAILURE Halo: Reach 09730.10.04.09.1309.omaha_delta export-variant: C:\Users\codie\Projects\Blam-Title-Storage\Halo Reach\Delta\default_hoppers\game_variants\slayer_pro.json
20:31:58 [ERROR] FAILURE Halo: Reach 09730.10.04.09.1309.omaha_delta export-variant: C:\Users\codie\Projects\Blam-Title-Storage\Halo Reach\Delta\default_hoppers\game_variants\stockpile.json
20:31:58 [ERROR] FAILURE Halo: Reach 09730.10.04.09.1309.omaha_delta export-variant: C:\Users\codie\Projects\Blam-Title-Storage\Halo Reach\Delta\default_hoppers\game_variants\SWAT.json
20:31:58 [INFO] Step 3: build configuration from binaries
20:31:59 [ERROR] FAILURE Halo: Reach 09730.10.04.09.1309.omaha_delta build-config: C:\Users\codie\Projects\Blam-Title-Storage\Halo Reach\Delta
20:31:59 [INFO] Step 4: import variants into configuration
20:32:03 [ERROR] FAILURE Halo: Reach 09730.10.04.09.1309.omaha_delta import-variant: C:\Users\codie\AppData\Local\Temp\blf-upgrade-e9410715-4f29-4edf-9fcf-4d1f40c662be\default_hoppers\game_variants\1nvasion.bin
20:32:03 [ERROR] FAILURE Halo: Reach 09730.10.04.09.1309.omaha_delta import-variant: C:\Users\codie\AppData\Local\Temp\blf-upgrade-e9410715-4f29-4edf-9fcf-4d1f40c662be\default_hoppers\game_variants\1nvasion_island.bin
20:32:04 [ERROR] FAILURE Halo: Reach 09730.10.04.09.1309.omaha_delta import-variant: C:\Users\codie\AppData\Local\Temp\blf-upgrade-e9410715-4f29-4edf-9fcf-4d1f40c662be\default_hoppers\game_variants\1nvasion_slayer.bin
20:32:04 [ERROR] FAILURE Halo: Reach 09730.10.04.09.1309.omaha_delta import-variant: C:\Users\codie\AppData\Local\Temp\blf-upgrade-e9410715-4f29-4edf-9fcf-4d1f40c662be\default_hoppers\game_variants\arena_slayer.bin
20:32:04 [ERROR] FAILURE Halo: Reach 09730.10.04.09.1309.omaha_delta import-variant: C:\Users\codie\AppData\Local\Temp\blf-upgrade-e9410715-4f29-4edf-9fcf-4d1f40c662be\default_hoppers\game_variants\arena_slayer_classic.bin
20:32:04 [ERROR] FAILURE Halo: Reach 09730.10.04.09.1309.omaha_delta import-variant: C:\Users\codie\AppData\Local\Temp\blf-upgrade-e9410715-4f29-4edf-9fcf-4d1f40c662be\default_hoppers\game_variants\arena_slayer_covy.bin
20:32:04 [ERROR] FAILURE Halo: Reach 09730.10.04.09.1309.omaha_delta import-variant: C:\Users\codie\AppData\Local\Temp\blf-upgrade-e9410715-4f29-4edf-9fcf-4d1f40c662be\default_hoppers\game_variants\arena_slayer_pro.bin
20:32:04 [ERROR] FAILURE Halo: Reach 09730.10.04.09.1309.omaha_delta import-variant: C:\Users\codie\AppData\Local\Temp\blf-upgrade-e9410715-4f29-4edf-9fcf-4d1f40c662be\default_hoppers\game_variants\arena_slayer_swat.bin
20:32:04 [ERROR] FAILURE Halo: Reach 09730.10.04.09.1309.omaha_delta import-variant: C:\Users\codie\AppData\Local\Temp\blf-upgrade-e9410715-4f29-4edf-9fcf-4d1f40c662be\default_hoppers\game_variants\clowntown.bin
20:32:04 [ERROR] FAILURE Halo: Reach 09730.10.04.09.1309.omaha_delta import-variant: C:\Users\codie\AppData\Local\Temp\blf-upgrade-e9410715-4f29-4edf-9fcf-4d1f40c662be\default_hoppers\game_variants\ctf.bin
20:32:05 [ERROR] FAILURE Halo: Reach 09730.10.04.09.1309.omaha_delta import-variant: C:\Users\codie\AppData\Local\Temp\blf-upgrade-e9410715-4f29-4edf-9fcf-4d1f40c662be\default_hoppers\game_variants\invasion_boneyard.bin
20:32:05 [ERROR] FAILURE Halo: Reach 09730.10.04.09.1309.omaha_delta import-variant: C:\Users\codie\AppData\Local\Temp\blf-upgrade-e9410715-4f29-4edf-9fcf-4d1f40c662be\default_hoppers\game_variants\invasion_slayer_default.bin
20:32:05 [ERROR] FAILURE Halo: Reach 09730.10.04.09.1309.omaha_delta import-variant: C:\Users\codie\AppData\Local\Temp\blf-upgrade-e9410715-4f29-4edf-9fcf-4d1f40c662be\default_hoppers\game_variants\juggernaut.bin
20:32:05 [ERROR] FAILURE Halo: Reach 09730.10.04.09.1309.omaha_delta import-variant: C:\Users\codie\AppData\Local\Temp\blf-upgrade-e9410715-4f29-4edf-9fcf-4d1f40c662be\default_hoppers\game_variants\koth.bin
20:32:06 [ERROR] FAILURE Halo: Reach 09730.10.04.09.1309.omaha_delta import-variant: C:\Users\codie\AppData\Local\Temp\blf-upgrade-e9410715-4f29-4edf-9fcf-4d1f40c662be\default_hoppers\game_variants\oddball.bin
20:32:06 [ERROR] FAILURE Halo: Reach 09730.10.04.09.1309.omaha_delta import-variant: C:\Users\codie\AppData\Local\Temp\blf-upgrade-e9410715-4f29-4edf-9fcf-4d1f40c662be\default_hoppers\game_variants\oddball_ffa.bin
20:32:06 [ERROR] FAILURE Halo: Reach 09730.10.04.09.1309.omaha_delta import-variant: C:\Users\codie\AppData\Local\Temp\blf-upgrade-e9410715-4f29-4edf-9fcf-4d1f40c662be\default_hoppers\game_variants\race.bin
20:32:06 [ERROR] FAILURE Halo: Reach 09730.10.04.09.1309.omaha_delta import-variant: C:\Users\codie\AppData\Local\Temp\blf-upgrade-e9410715-4f29-4edf-9fcf-4d1f40c662be\default_hoppers\game_variants\rally.bin
20:32:06 [ERROR] FAILURE Halo: Reach 09730.10.04.09.1309.omaha_delta import-variant: C:\Users\codie\AppData\Local\Temp\blf-upgrade-e9410715-4f29-4edf-9fcf-4d1f40c662be\default_hoppers\game_variants\slayer.bin
20:32:06 [ERROR] FAILURE Halo: Reach 09730.10.04.09.1309.omaha_delta import-variant: C:\Users\codie\AppData\Local\Temp\blf-upgrade-e9410715-4f29-4edf-9fcf-4d1f40c662be\default_hoppers\game_variants\slayer_covy.bin
20:32:06 [ERROR] FAILURE Halo: Reach 09730.10.04.09.1309.omaha_delta import-variant: C:\Users\codie\AppData\Local\Temp\blf-upgrade-e9410715-4f29-4edf-9fcf-4d1f40c662be\default_hoppers\game_variants\slayer_pro.bin
20:32:07 [ERROR] FAILURE Halo: Reach 09730.10.04.09.1309.omaha_delta import-variant: C:\Users\codie\AppData\Local\Temp\blf-upgrade-e9410715-4f29-4edf-9fcf-4d1f40c662be\default_hoppers\game_variants\stockpile.bin
20:32:08 [ERROR] FAILURE Halo: Reach 09730.10.04.09.1309.omaha_delta import-variant: C:\Users\codie\AppData\Local\Temp\blf-upgrade-e9410715-4f29-4edf-9fcf-4d1f40c662be\default_hoppers\game_variants\SWAT.bin
20:32:08 [INFO] Keeping build dir at C:\Users\codie\Projects\Blam-Title-Storage\reports\upgrade-20260819-203132\Halo_Reach_Delta\build_dir
20:32:08 [INFO] Done Halo Reach\Delta: build=True build-config=False export 23/42 failed=19 skipped=0 import 19/42 failed=23 skipped=0
20:32:08 [INFO] ======== Halo 3\Release / Halo 3 / 12070.08.09.05.2031.halo3_ship ========
20:32:08 [INFO] Temp build dir: C:\Users\codie\AppData\Local\Temp\blf-upgrade-28843d5f-0e42-40d5-8823-a454a9dbde65
20:32:08 [INFO] Step 1: build binaries from configuration
20:32:28 [INFO] Step 2: export game and map variants
20:32:28 [ERROR] FAILURE Halo 3 12070.08.09.05.2031.halo3_ship export-variant: C:\Users\codie\Projects\Blam-Title-Storage\Halo 3\Release\default_hoppers\map_variants\abandoned.json
20:32:28 [ERROR] FAILURE Halo 3 12070.08.09.05.2031.halo3_ship export-variant: C:\Users\codie\Projects\Blam-Title-Storage\Halo 3\Release\default_hoppers\map_variants\alchemy.json
20:32:30 [ERROR] FAILURE Halo 3 12070.08.09.05.2031.halo3_ship export-variant: C:\Users\codie\Projects\Blam-Title-Storage\Halo 3\Release\default_hoppers\map_variants\bn1_abandoned.json
20:32:30 [ERROR] FAILURE Halo 3 12070.08.09.05.2031.halo3_ship export-variant: C:\Users\codie\Projects\Blam-Title-Storage\Halo 3\Release\default_hoppers\map_variants\bn1_alchemy.json
20:32:30 [ERROR] FAILURE Halo 3 12070.08.09.05.2031.halo3_ship export-variant: C:\Users\codie\Projects\Blam-Title-Storage\Halo 3\Release\default_hoppers\map_variants\bn1_concealed.json
20:32:30 [ERROR] FAILURE Halo 3 12070.08.09.05.2031.halo3_ship export-variant: C:\Users\codie\Projects\Blam-Title-Storage\Halo 3\Release\default_hoppers\map_variants\bn1_crest.json
20:32:30 [ERROR] FAILURE Halo 3 12070.08.09.05.2031.halo3_ship export-variant: C:\Users\codie\Projects\Blam-Title-Storage\Halo 3\Release\default_hoppers\map_variants\bn1_dunebox.json
20:32:30 [ERROR] FAILURE Halo 3 12070.08.09.05.2031.halo3_ship export-variant: C:\Users\codie\Projects\Blam-Title-Storage\Halo 3\Release\default_hoppers\map_variants\bn1_halo_stadium.json
20:32:30 [ERROR] FAILURE Halo 3 12070.08.09.05.2031.halo3_ship export-variant: C:\Users\codie\Projects\Blam-Title-Storage\Halo 3\Release\default_hoppers\map_variants\bn1_heatwave.json
20:32:30 [ERROR] FAILURE Halo 3 12070.08.09.05.2031.halo3_ship export-variant: C:\Users\codie\Projects\Blam-Title-Storage\Halo 3\Release\default_hoppers\map_variants\bn1_instinct.json
20:32:30 [ERROR] FAILURE Halo 3 12070.08.09.05.2031.halo3_ship export-variant: C:\Users\codie\Projects\Blam-Title-Storage\Halo 3\Release\default_hoppers\map_variants\bn1_intersect.json
20:32:30 [ERROR] FAILURE Halo 3 12070.08.09.05.2031.halo3_ship export-variant: C:\Users\codie\Projects\Blam-Title-Storage\Halo 3\Release\default_hoppers\map_variants\bn1_mice_nest.json
20:32:30 [ERROR] FAILURE Halo 3 12070.08.09.05.2031.halo3_ship export-variant: C:\Users\codie\Projects\Blam-Title-Storage\Halo 3\Release\default_hoppers\map_variants\bn1_project_7.json
20:32:31 [ERROR] FAILURE Halo 3 12070.08.09.05.2031.halo3_ship export-variant: C:\Users\codie\Projects\Blam-Title-Storage\Halo 3\Release\default_hoppers\map_variants\bn1_recovery.json
20:32:31 [ERROR] FAILURE Halo 3 12070.08.09.05.2031.halo3_ship export-variant: C:\Users\codie\Projects\Blam-Title-Storage\Halo 3\Release\default_hoppers\map_variants\bn1_secundus.json
20:32:31 [ERROR] FAILURE Halo 3 12070.08.09.05.2031.halo3_ship export-variant: C:\Users\codie\Projects\Blam-Title-Storage\Halo 3\Release\default_hoppers\map_variants\bn1_shortshore.json
20:32:31 [ERROR] FAILURE Halo 3 12070.08.09.05.2031.halo3_ship export-variant: C:\Users\codie\Projects\Blam-Title-Storage\Halo 3\Release\default_hoppers\map_variants\bn1_solaris.json
20:32:31 [ERROR] FAILURE Halo 3 12070.08.09.05.2031.halo3_ship export-variant: C:\Users\codie\Projects\Blam-Title-Storage\Halo 3\Release\default_hoppers\map_variants\bn1_stone_hill.json
20:32:31 [ERROR] FAILURE Halo 3 12070.08.09.05.2031.halo3_ship export-variant: C:\Users\codie\Projects\Blam-Title-Storage\Halo 3\Release\default_hoppers\map_variants\bn1_stray.json
20:32:31 [ERROR] FAILURE Halo 3 12070.08.09.05.2031.halo3_ship export-variant: C:\Users\codie\Projects\Blam-Title-Storage\Halo 3\Release\default_hoppers\map_variants\bn1_symmetry.json
20:32:31 [ERROR] FAILURE Halo 3 12070.08.09.05.2031.halo3_ship export-variant: C:\Users\codie\Projects\Blam-Title-Storage\Halo 3\Release\default_hoppers\map_variants\bn1_testament_v2.json
20:32:31 [ERROR] FAILURE Halo 3 12070.08.09.05.2031.halo3_ship export-variant: C:\Users\codie\Projects\Blam-Title-Storage\Halo 3\Release\default_hoppers\map_variants\bn1_the_worm.json
20:32:31 [ERROR] FAILURE Halo 3 12070.08.09.05.2031.halo3_ship export-variant: C:\Users\codie\Projects\Blam-Title-Storage\Halo 3\Release\default_hoppers\map_variants\bn1_tomb_of_anubis.json
20:32:31 [ERROR] FAILURE Halo 3 12070.08.09.05.2031.halo3_ship export-variant: C:\Users\codie\Projects\Blam-Title-Storage\Halo 3\Release\default_hoppers\map_variants\bn1_union.json
20:32:31 [ERROR] FAILURE Halo 3 12070.08.09.05.2031.halo3_ship export-variant: C:\Users\codie\Projects\Blam-Title-Storage\Halo 3\Release\default_hoppers\map_variants\bn1_vortex.json
20:32:31 [ERROR] FAILURE Halo 3 12070.08.09.05.2031.halo3_ship export-variant: C:\Users\codie\Projects\Blam-Title-Storage\Halo 3\Release\default_hoppers\map_variants\bn1_warhouse.json
20:32:31 [ERROR] FAILURE Halo 3 12070.08.09.05.2031.halo3_ship export-variant: C:\Users\codie\Projects\Blam-Title-Storage\Halo 3\Release\default_hoppers\map_variants\bn1_zombie_towers.json
20:32:31 [ERROR] FAILURE Halo 3 12070.08.09.05.2031.halo3_ship export-variant: C:\Users\codie\Projects\Blam-Title-Storage\Halo 3\Release\default_hoppers\map_variants\concealed.json
20:32:32 [ERROR] FAILURE Halo 3 12070.08.09.05.2031.halo3_ship export-variant: C:\Users\codie\Projects\Blam-Title-Storage\Halo 3\Release\default_hoppers\map_variants\crest.json
20:32:33 [ERROR] FAILURE Halo 3 12070.08.09.05.2031.halo3_ship export-variant: C:\Users\codie\Projects\Blam-Title-Storage\Halo 3\Release\default_hoppers\map_variants\dunebox.json
20:32:34 [ERROR] FAILURE Halo 3 12070.08.09.05.2031.halo3_ship export-variant: C:\Users\codie\Projects\Blam-Title-Storage\Halo 3\Release\default_hoppers\map_variants\halo_stadium.json
20:32:34 [ERROR] FAILURE Halo 3 12070.08.09.05.2031.halo3_ship export-variant: C:\Users\codie\Projects\Blam-Title-Storage\Halo 3\Release\default_hoppers\map_variants\heatwave.json
20:32:35 [ERROR] FAILURE Halo 3 12070.08.09.05.2031.halo3_ship export-variant: C:\Users\codie\Projects\Blam-Title-Storage\Halo 3\Release\default_hoppers\map_variants\instinct.json
20:32:35 [ERROR] FAILURE Halo 3 12070.08.09.05.2031.halo3_ship export-variant: C:\Users\codie\Projects\Blam-Title-Storage\Halo 3\Release\default_hoppers\map_variants\intersect.json
20:32:35 [ERROR] FAILURE Halo 3 12070.08.09.05.2031.halo3_ship export-variant: C:\Users\codie\Projects\Blam-Title-Storage\Halo 3\Release\default_hoppers\map_variants\mice_nest.json
20:32:37 [ERROR] FAILURE Halo 3 12070.08.09.05.2031.halo3_ship export-variant: C:\Users\codie\Projects\Blam-Title-Storage\Halo 3\Release\default_hoppers\map_variants\project_7.json
20:32:37 [ERROR] FAILURE Halo 3 12070.08.09.05.2031.halo3_ship export-variant: C:\Users\codie\Projects\Blam-Title-Storage\Halo 3\Release\default_hoppers\map_variants\recovery.json
20:32:38 [ERROR] FAILURE Halo 3 12070.08.09.05.2031.halo3_ship export-variant: C:\Users\codie\Projects\Blam-Title-Storage\Halo 3\Release\default_hoppers\map_variants\secundus.json
20:32:38 [ERROR] FAILURE Halo 3 12070.08.09.05.2031.halo3_ship export-variant: C:\Users\codie\Projects\Blam-Title-Storage\Halo 3\Release\default_hoppers\map_variants\shortshore.json
20:32:39 [ERROR] FAILURE Halo 3 12070.08.09.05.2031.halo3_ship export-variant: C:\Users\codie\Projects\Blam-Title-Storage\Halo 3\Release\default_hoppers\map_variants\solaris.json
20:32:39 [ERROR] FAILURE Halo 3 12070.08.09.05.2031.halo3_ship export-variant: C:\Users\codie\Projects\Blam-Title-Storage\Halo 3\Release\default_hoppers\map_variants\stone_hill.json
20:32:39 [ERROR] FAILURE Halo 3 12070.08.09.05.2031.halo3_ship export-variant: C:\Users\codie\Projects\Blam-Title-Storage\Halo 3\Release\default_hoppers\map_variants\stray.json
20:32:40 [ERROR] FAILURE Halo 3 12070.08.09.05.2031.halo3_ship export-variant: C:\Users\codie\Projects\Blam-Title-Storage\Halo 3\Release\default_hoppers\map_variants\symmetry.json
20:32:40 [ERROR] FAILURE Halo 3 12070.08.09.05.2031.halo3_ship export-variant: C:\Users\codie\Projects\Blam-Title-Storage\Halo 3\Release\default_hoppers\map_variants\testament_v2.json
20:32:40 [ERROR] FAILURE Halo 3 12070.08.09.05.2031.halo3_ship export-variant: C:\Users\codie\Projects\Blam-Title-Storage\Halo 3\Release\default_hoppers\map_variants\the_worm.json
20:32:40 [ERROR] FAILURE Halo 3 12070.08.09.05.2031.halo3_ship export-variant: C:\Users\codie\Projects\Blam-Title-Storage\Halo 3\Release\default_hoppers\map_variants\tomb_of_anubis.json
20:32:40 [ERROR] FAILURE Halo 3 12070.08.09.05.2031.halo3_ship export-variant: C:\Users\codie\Projects\Blam-Title-Storage\Halo 3\Release\default_hoppers\map_variants\union.json
20:32:41 [ERROR] FAILURE Halo 3 12070.08.09.05.2031.halo3_ship export-variant: C:\Users\codie\Projects\Blam-Title-Storage\Halo 3\Release\default_hoppers\map_variants\vortex.json
20:32:41 [ERROR] FAILURE Halo 3 12070.08.09.05.2031.halo3_ship export-variant: C:\Users\codie\Projects\Blam-Title-Storage\Halo 3\Release\default_hoppers\map_variants\warhouse.json
20:32:41 [ERROR] FAILURE Halo 3 12070.08.09.05.2031.halo3_ship export-variant: C:\Users\codie\Projects\Blam-Title-Storage\Halo 3\Release\default_hoppers\map_variants\zombie_towers.json
20:32:42 [ERROR] FAILURE Halo 3 12070.08.09.05.2031.halo3_ship export-variant: C:\Users\codie\Projects\Blam-Title-Storage\Halo 3\Release\tu2_hoppers\map_variants\bn1_cavern.json
20:32:43 [ERROR] FAILURE Halo 3 12070.08.09.05.2031.halo3_ship export-variant: C:\Users\codie\Projects\Blam-Title-Storage\Halo 3\Release\tu2_hoppers\map_variants\bn1_deadbolt.json
20:32:43 [ERROR] FAILURE Halo 3 12070.08.09.05.2031.halo3_ship export-variant: C:\Users\codie\Projects\Blam-Title-Storage\Halo 3\Release\tu2_hoppers\map_variants\bn1_hexaplex.json
20:32:43 [ERROR] FAILURE Halo 3 12070.08.09.05.2031.halo3_ship export-variant: C:\Users\codie\Projects\Blam-Title-Storage\Halo 3\Release\tu2_hoppers\map_variants\bn1_multicog.json
20:32:43 [ERROR] FAILURE Halo 3 12070.08.09.05.2031.halo3_ship export-variant: C:\Users\codie\Projects\Blam-Title-Storage\Halo 3\Release\tu2_hoppers\map_variants\bn1_octoplex.json
20:32:43 [ERROR] FAILURE Halo 3 12070.08.09.05.2031.halo3_ship export-variant: C:\Users\codie\Projects\Blam-Title-Storage\Halo 3\Release\tu2_hoppers\map_variants\bn1_paralysis_v10.json
20:32:43 [ERROR] FAILURE Halo 3 12070.08.09.05.2031.halo3_ship export-variant: C:\Users\codie\Projects\Blam-Title-Storage\Halo 3\Release\tu2_hoppers\map_variants\bn1_plurality.json
20:32:43 [ERROR] FAILURE Halo 3 12070.08.09.05.2031.halo3_ship export-variant: C:\Users\codie\Projects\Blam-Title-Storage\Halo 3\Release\tu2_hoppers\map_variants\bn1_rock_solid.json
20:32:43 [ERROR] FAILURE Halo 3 12070.08.09.05.2031.halo3_ship export-variant: C:\Users\codie\Projects\Blam-Title-Storage\Halo 3\Release\tu2_hoppers\map_variants\bn1_sniper_plurality.json
20:32:43 [ERROR] FAILURE Halo 3 12070.08.09.05.2031.halo3_ship export-variant: C:\Users\codie\Projects\Blam-Title-Storage\Halo 3\Release\tu2_hoppers\map_variants\bn1_the_great_wall.json
20:32:43 [ERROR] FAILURE Halo 3 12070.08.09.05.2031.halo3_ship export-variant: C:\Users\codie\Projects\Blam-Title-Storage\Halo 3\Release\tu2_hoppers\map_variants\bn1_the_mantle.json
20:32:43 [ERROR] FAILURE Halo 3 12070.08.09.05.2031.halo3_ship export-variant: C:\Users\codie\Projects\Blam-Title-Storage\Halo 3\Release\tu2_hoppers\map_variants\cavern.json
20:32:45 [ERROR] FAILURE Halo 3 12070.08.09.05.2031.halo3_ship export-variant: C:\Users\codie\Projects\Blam-Title-Storage\Halo 3\Release\tu2_hoppers\map_variants\multicog.json
20:32:46 [ERROR] FAILURE Halo 3 12070.08.09.05.2031.halo3_ship export-variant: C:\Users\codie\Projects\Blam-Title-Storage\Halo 3\Release\tu2_hoppers\map_variants\octoplex.json
20:32:46 [ERROR] FAILURE Halo 3 12070.08.09.05.2031.halo3_ship export-variant: C:\Users\codie\Projects\Blam-Title-Storage\Halo 3\Release\tu2_hoppers\map_variants\paralysis_v1.0.json
20:32:46 [ERROR] FAILURE Halo 3 12070.08.09.05.2031.halo3_ship export-variant: C:\Users\codie\Projects\Blam-Title-Storage\Halo 3\Release\tu2_hoppers\map_variants\plurality.json
20:32:46 [ERROR] FAILURE Halo 3 12070.08.09.05.2031.halo3_ship export-variant: C:\Users\codie\Projects\Blam-Title-Storage\Halo 3\Release\tu2_hoppers\map_variants\plurality_snipe.json
20:32:47 [ERROR] FAILURE Halo 3 12070.08.09.05.2031.halo3_ship export-variant: C:\Users\codie\Projects\Blam-Title-Storage\Halo 3\Release\tu2_hoppers\map_variants\slyr_hexaplex.json
20:32:47 [ERROR] FAILURE Halo 3 12070.08.09.05.2031.halo3_ship export-variant: C:\Users\codie\Projects\Blam-Title-Storage\Halo 3\Release\tu2_hoppers\map_variants\slyr_rock_solid.json
20:32:47 [ERROR] FAILURE Halo 3 12070.08.09.05.2031.halo3_ship export-variant: C:\Users\codie\Projects\Blam-Title-Storage\Halo 3\Release\tu2_hoppers\map_variants\slyr_the_mantle.json
20:32:48 [ERROR] FAILURE Halo 3 12070.08.09.05.2031.halo3_ship export-variant: C:\Users\codie\Projects\Blam-Title-Storage\Halo 3\Release\tu2_hoppers\map_variants\the_great_wall.json
20:32:49 [ERROR] FAILURE Halo 3 12070.08.09.05.2031.halo3_ship export-variant: C:\Users\codie\Projects\Blam-Title-Storage\Halo 3\Release\default_hoppers\game_variants\1_flag_brs.json
20:32:49 [ERROR] FAILURE Halo 3 12070.08.09.05.2031.halo3_ship export-variant: C:\Users\codie\Projects\Blam-Title-Storage\Halo 3\Release\default_hoppers\game_variants\1_flag_classic.json
20:32:49 [ERROR] FAILURE Halo 3 12070.08.09.05.2031.halo3_ship export-variant: C:\Users\codie\Projects\Blam-Title-Storage\Halo 3\Release\default_hoppers\game_variants\1_flag_ctf.json
20:32:49 [ERROR] FAILURE Halo 3 12070.08.09.05.2031.halo3_ship export-variant: C:\Users\codie\Projects\Blam-Title-Storage\Halo 3\Release\default_hoppers\game_variants\1_flag_doubles.json
20:32:49 [ERROR] FAILURE Halo 3 12070.08.09.05.2031.halo3_ship export-variant: C:\Users\codie\Projects\Blam-Title-Storage\Halo 3\Release\default_hoppers\game_variants\2_flag_classic.json
20:32:49 [ERROR] FAILURE Halo 3 12070.08.09.05.2031.halo3_ship export-variant: C:\Users\codie\Projects\Blam-Title-Storage\Halo 3\Release\default_hoppers\game_variants\2_flag_doubles.json
20:32:49 [ERROR] FAILURE Halo 3 12070.08.09.05.2031.halo3_ship export-variant: C:\Users\codie\Projects\Blam-Title-Storage\Halo 3\Release\default_hoppers\game_variants\2_flag_heavy.json
20:32:49 [ERROR] FAILURE Halo 3 12070.08.09.05.2031.halo3_ship export-variant: C:\Users\codie\Projects\Blam-Title-Storage\Halo 3\Release\default_hoppers\game_variants\2_flag_shottys.json
20:32:50 [ERROR] FAILURE Halo 3 12070.08.09.05.2031.halo3_ship export-variant: C:\Users\codie\Projects\Blam-Title-Storage\Halo 3\Release\default_hoppers\game_variants\3_ball.json
20:32:50 [ERROR] FAILURE Halo 3 12070.08.09.05.2031.halo3_ship export-variant: C:\Users\codie\Projects\Blam-Title-Storage\Halo 3\Release\default_hoppers\game_variants\3_ball_fiesta.json
20:32:50 [ERROR] FAILURE Halo 3 12070.08.09.05.2031.halo3_ship export-variant: C:\Users\codie\Projects\Blam-Title-Storage\Halo 3\Release\default_hoppers\game_variants\3_ball_hardcore.json
20:32:50 [ERROR] FAILURE Halo 3 12070.08.09.05.2031.halo3_ship export-variant: C:\Users\codie\Projects\Blam-Title-Storage\Halo 3\Release\default_hoppers\game_variants\3_ball_rockets.json
20:32:50 [ERROR] FAILURE Halo 3 12070.08.09.05.2031.halo3_ship export-variant: C:\Users\codie\Projects\Blam-Title-Storage\Halo 3\Release\default_hoppers\game_variants\5-min_fiesta.json
20:32:50 [ERROR] FAILURE Halo 3 12070.08.09.05.2031.halo3_ship export-variant: C:\Users\codie\Projects\Blam-Title-Storage\Halo 3\Release\default_hoppers\game_variants\5-min_king.json
20:32:50 [ERROR] FAILURE Halo 3 12070.08.09.05.2031.halo3_ship export-variant: C:\Users\codie\Projects\Blam-Title-Storage\Halo 3\Release\default_hoppers\game_variants\5-min_mlg_ffa.json
20:32:50 [ERROR] FAILURE Halo 3 12070.08.09.05.2031.halo3_ship export-variant: C:\Users\codie\Projects\Blam-Title-Storage\Halo 3\Release\default_hoppers\game_variants\5-min_oddball.json
20:32:50 [ERROR] FAILURE Halo 3 12070.08.09.05.2031.halo3_ship export-variant: C:\Users\codie\Projects\Blam-Title-Storage\Halo 3\Release\default_hoppers\game_variants\5-min_rockets.json
20:32:50 [ERROR] FAILURE Halo 3 12070.08.09.05.2031.halo3_ship export-variant: C:\Users\codie\Projects\Blam-Title-Storage\Halo 3\Release\default_hoppers\game_variants\5-min_slayer.json
20:32:50 [ERROR] FAILURE Halo 3 12070.08.09.05.2031.halo3_ship export-variant: C:\Users\codie\Projects\Blam-Title-Storage\Halo 3\Release\default_hoppers\game_variants\5-min_slayer_br.json
20:32:50 [ERROR] FAILURE Halo 3 12070.08.09.05.2031.halo3_ship export-variant: C:\Users\codie\Projects\Blam-Title-Storage\Halo 3\Release\default_hoppers\game_variants\5-min_swords.json
20:32:50 [ERROR] FAILURE Halo 3 12070.08.09.05.2031.halo3_ship export-variant: C:\Users\codie\Projects\Blam-Title-Storage\Halo 3\Release\default_hoppers\game_variants\aeriel_grifball.json
20:32:50 [ERROR] FAILURE Halo 3 12070.08.09.05.2031.halo3_ship export-variant: C:\Users\codie\Projects\Blam-Title-Storage\Halo 3\Release\default_hoppers\game_variants\agla_-_grifball.json
20:32:50 [ERROR] FAILURE Halo 3 12070.08.09.05.2031.halo3_ship export-variant: C:\Users\codie\Projects\Blam-Title-Storage\Halo 3\Release\default_hoppers\game_variants\assault.json
20:32:50 [ERROR] FAILURE Halo 3 12070.08.09.05.2031.halo3_ship export-variant: C:\Users\codie\Projects\Blam-Title-Storage\Halo 3\Release\default_hoppers\game_variants\asset_escort.json
20:32:50 [ERROR] FAILURE Halo 3 12070.08.09.05.2031.halo3_ship export-variant: C:\Users\codie\Projects\Blam-Title-Storage\Halo 3\Release\default_hoppers\game_variants\big_splockets.json
20:32:50 [ERROR] FAILURE Halo 3 12070.08.09.05.2031.halo3_ship export-variant: C:\Users\codie\Projects\Blam-Title-Storage\Halo 3\Release\default_hoppers\game_variants\black_friday.json
20:32:51 [ERROR] FAILURE Halo 3 12070.08.09.05.2031.halo3_ship export-variant: C:\Users\codie\Projects\Blam-Title-Storage\Halo 3\Release\default_hoppers\game_variants\br_duel.json
20:32:51 [ERROR] FAILURE Halo 3 12070.08.09.05.2031.halo3_ship export-variant: C:\Users\codie\Projects\Blam-Title-Storage\Halo 3\Release\default_hoppers\game_variants\crazy_king.json
20:32:51 [ERROR] FAILURE Halo 3 12070.08.09.05.2031.halo3_ship export-variant: C:\Users\codie\Projects\Blam-Title-Storage\Halo 3\Release\default_hoppers\game_variants\creepingrockets.json
20:32:51 [ERROR] FAILURE Halo 3 12070.08.09.05.2031.halo3_ship export-variant: C:\Users\codie\Projects\Blam-Title-Storage\Halo 3\Release\default_hoppers\game_variants\duel_ball.json
20:32:51 [ERROR] FAILURE Halo 3 12070.08.09.05.2031.halo3_ship export-variant: C:\Users\codie\Projects\Blam-Title-Storage\Halo 3\Release\default_hoppers\game_variants\duel_crazy_king.json
20:32:51 [ERROR] FAILURE Halo 3 12070.08.09.05.2031.halo3_ship export-variant: C:\Users\codie\Projects\Blam-Title-Storage\Halo 3\Release\default_hoppers\game_variants\eliminatio.json
20:32:51 [ERROR] FAILURE Halo 3 12070.08.09.05.2031.halo3_ship export-variant: C:\Users\codie\Projects\Blam-Title-Storage\Halo 3\Release\default_hoppers\game_variants\elim_snipers.json
20:32:51 [ERROR] FAILURE Halo 3 12070.08.09.05.2031.halo3_ship export-variant: C:\Users\codie\Projects\Blam-Title-Storage\Halo 3\Release\default_hoppers\game_variants\fiestanaut.json
20:32:51 [ERROR] FAILURE Halo 3 12070.08.09.05.2031.halo3_ship export-variant: C:\Users\codie\Projects\Blam-Title-Storage\Halo 3\Release\default_hoppers\game_variants\fiesta_ball.json
20:32:51 [ERROR] FAILURE Halo 3 12070.08.09.05.2031.halo3_ship export-variant: C:\Users\codie\Projects\Blam-Title-Storage\Halo 3\Release\default_hoppers\game_variants\fiesta_king.json
20:32:51 [ERROR] FAILURE Halo 3 12070.08.09.05.2031.halo3_ship export-variant: C:\Users\codie\Projects\Blam-Title-Storage\Halo 3\Release\default_hoppers\game_variants\grifballupthere.json
20:32:51 [ERROR] FAILURE Halo 3 12070.08.09.05.2031.halo3_ship export-variant: C:\Users\codie\Projects\Blam-Title-Storage\Halo 3\Release\default_hoppers\game_variants\hammerzeit.json
20:32:51 [ERROR] FAILURE Halo 3 12070.08.09.05.2031.halo3_ship export-variant: C:\Users\codie\Projects\Blam-Title-Storage\Halo 3\Release\default_hoppers\game_variants\hammer_hill.json
20:32:51 [ERROR] FAILURE Halo 3 12070.08.09.05.2031.halo3_ship export-variant: C:\Users\codie\Projects\Blam-Title-Storage\Halo 3\Release\default_hoppers\game_variants\mayan_grifball.json
20:32:52 [ERROR] FAILURE Halo 3 12070.08.09.05.2031.halo3_ship export-variant: C:\Users\codie\Projects\Blam-Title-Storage\Halo 3\Release\default_hoppers\game_variants\mlg_multi_flag.json
20:32:52 [ERROR] FAILURE Halo 3 12070.08.09.05.2031.halo3_ship export-variant: C:\Users\codie\Projects\Blam-Title-Storage\Halo 3\Release\default_hoppers\game_variants\mlg_team_ball.json
20:32:52 [ERROR] FAILURE Halo 3 12070.08.09.05.2031.halo3_ship export-variant: C:\Users\codie\Projects\Blam-Title-Storage\Halo 3\Release\default_hoppers\game_variants\mosh_pit.json
20:32:52 [ERROR] FAILURE Halo 3 12070.08.09.05.2031.halo3_ship export-variant: C:\Users\codie\Projects\Blam-Title-Storage\Halo 3\Release\default_hoppers\game_variants\multi_flag_brs.json
20:32:52 [ERROR] FAILURE Halo 3 12070.08.09.05.2031.halo3_ship export-variant: C:\Users\codie\Projects\Blam-Title-Storage\Halo 3\Release\default_hoppers\game_variants\ninja_assault.json
20:32:52 [ERROR] FAILURE Halo 3 12070.08.09.05.2031.halo3_ship export-variant: C:\Users\codie\Projects\Blam-Title-Storage\Halo 3\Release\default_hoppers\game_variants\oddball.json
20:32:52 [ERROR] FAILURE Halo 3 12070.08.09.05.2031.halo3_ship export-variant: C:\Users\codie\Projects\Blam-Title-Storage\Halo 3\Release\default_hoppers\game_variants\odst_slayer.json
20:32:52 [ERROR] FAILURE Halo 3 12070.08.09.05.2031.halo3_ship export-variant: C:\Users\codie\Projects\Blam-Title-Storage\Halo 3\Release\default_hoppers\game_variants\one_bomb.json
20:32:52 [ERROR] FAILURE Halo 3 12070.08.09.05.2031.halo3_ship export-variant: C:\Users\codie\Projects\Blam-Title-Storage\Halo 3\Release\default_hoppers\game_variants\pistols_at_dawn.json
20:32:52 [ERROR] FAILURE Halo 3 12070.08.09.05.2031.halo3_ship export-variant: C:\Users\codie\Projects\Blam-Title-Storage\Halo 3\Release\default_hoppers\game_variants\racetracks.json
20:32:52 [ERROR] FAILURE Halo 3 12070.08.09.05.2031.halo3_ship export-variant: C:\Users\codie\Projects\Blam-Title-Storage\Halo 3\Release\default_hoppers\game_variants\red_glare.json
20:32:52 [ERROR] FAILURE Halo 3 12070.08.09.05.2031.halo3_ship export-variant: C:\Users\codie\Projects\Blam-Title-Storage\Halo 3\Release\default_hoppers\game_variants\rockets.json
20:32:52 [ERROR] FAILURE Halo 3 12070.08.09.05.2031.halo3_ship export-variant: C:\Users\codie\Projects\Blam-Title-Storage\Halo 3\Release\default_hoppers\game_variants\rocket_ball.json
20:32:52 [ERROR] FAILURE Halo 3 12070.08.09.05.2031.halo3_ship export-variant: C:\Users\codie\Projects\Blam-Title-Storage\Halo 3\Release\default_hoppers\game_variants\rocket_king.json
20:32:52 [ERROR] FAILURE Halo 3 12070.08.09.05.2031.halo3_ship export-variant: C:\Users\codie\Projects\Blam-Title-Storage\Halo 3\Release\default_hoppers\game_variants\run_for_cover.json
20:32:52 [ERROR] FAILURE Halo 3 12070.08.09.05.2031.halo3_ship export-variant: C:\Users\codie\Projects\Blam-Title-Storage\Halo 3\Release\default_hoppers\game_variants\shotty_snipers.json
20:32:52 [ERROR] FAILURE Halo 3 12070.08.09.05.2031.halo3_ship export-variant: C:\Users\codie\Projects\Blam-Title-Storage\Halo 3\Release\default_hoppers\game_variants\showerball_base.json
20:32:52 [ERROR] FAILURE Halo 3 12070.08.09.05.2031.halo3_ship export-variant: C:\Users\codie\Projects\Blam-Title-Storage\Halo 3\Release\default_hoppers\game_variants\shwatguns.json
20:32:52 [ERROR] FAILURE Halo 3 12070.08.09.05.2031.halo3_ship export-variant: C:\Users\codie\Projects\Blam-Title-Storage\Halo 3\Release\default_hoppers\game_variants\slayer_brs.json
20:32:52 [ERROR] FAILURE Halo 3 12070.08.09.05.2031.halo3_ship export-variant: C:\Users\codie\Projects\Blam-Title-Storage\Halo 3\Release\default_hoppers\game_variants\slayer_duel.json
20:32:52 [ERROR] FAILURE Halo 3 12070.08.09.05.2031.halo3_ship export-variant: C:\Users\codie\Projects\Blam-Title-Storage\Halo 3\Release\default_hoppers\game_variants\sniper_hill.json
20:32:52 [ERROR] FAILURE Halo 3 12070.08.09.05.2031.halo3_ship export-variant: C:\Users\codie\Projects\Blam-Title-Storage\Halo 3\Release\default_hoppers\game_variants\snockets.json
20:32:53 [ERROR] FAILURE Halo 3 12070.08.09.05.2031.halo3_ship export-variant: C:\Users\codie\Projects\Blam-Title-Storage\Halo 3\Release\default_hoppers\game_variants\splockets.json
20:32:53 [ERROR] FAILURE Halo 3 12070.08.09.05.2031.halo3_ship export-variant: C:\Users\codie\Projects\Blam-Title-Storage\Halo 3\Release\default_hoppers\game_variants\stab-out.json
20:32:53 [ERROR] FAILURE Halo 3 12070.08.09.05.2031.halo3_ship export-variant: C:\Users\codie\Projects\Blam-Title-Storage\Halo 3\Release\default_hoppers\game_variants\swatball.json
20:32:53 [ERROR] FAILURE Halo 3 12070.08.09.05.2031.halo3_ship export-variant: C:\Users\codie\Projects\Blam-Title-Storage\Halo 3\Release\default_hoppers\game_variants\swat_2_flag.json
20:32:53 [ERROR] FAILURE Halo 3 12070.08.09.05.2031.halo3_ship export-variant: C:\Users\codie\Projects\Blam-Title-Storage\Halo 3\Release\default_hoppers\game_variants\swat_magnums.json
20:32:53 [ERROR] FAILURE Halo 3 12070.08.09.05.2031.halo3_ship export-variant: C:\Users\codie\Projects\Blam-Title-Storage\Halo 3\Release\default_hoppers\game_variants\swords.json
20:32:53 [ERROR] FAILURE Halo 3 12070.08.09.05.2031.halo3_ship export-variant: C:\Users\codie\Projects\Blam-Title-Storage\Halo 3\Release\default_hoppers\game_variants\sword_duel.json
20:32:53 [ERROR] FAILURE Halo 3 12070.08.09.05.2031.halo3_ship export-variant: C:\Users\codie\Projects\Blam-Title-Storage\Halo 3\Release\default_hoppers\game_variants\team_brs.json
20:32:53 [ERROR] FAILURE Halo 3 12070.08.09.05.2031.halo3_ship export-variant: C:\Users\codie\Projects\Blam-Title-Storage\Halo 3\Release\default_hoppers\game_variants\team_duals.json
20:32:53 [ERROR] FAILURE Halo 3 12070.08.09.05.2031.halo3_ship export-variant: C:\Users\codie\Projects\Blam-Title-Storage\Halo 3\Release\default_hoppers\game_variants\team_king.json
20:32:53 [ERROR] FAILURE Halo 3 12070.08.09.05.2031.halo3_ship export-variant: C:\Users\codie\Projects\Blam-Title-Storage\Halo 3\Release\default_hoppers\game_variants\territories_br.json
20:32:53 [ERROR] FAILURE Halo 3 12070.08.09.05.2031.halo3_ship export-variant: C:\Users\codie\Projects\Blam-Title-Storage\Halo 3\Release\default_hoppers\game_variants\tryptophan.json
20:32:53 [ERROR] FAILURE Halo 3 12070.08.09.05.2031.halo3_ship export-variant: C:\Users\codie\Projects\Blam-Title-Storage\Halo 3\Release\default_hoppers\game_variants\turkey_carvers.json
20:32:53 [ERROR] FAILURE Halo 3 12070.08.09.05.2031.halo3_ship export-variant: C:\Users\codie\Projects\Blam-Title-Storage\Halo 3\Release\default_hoppers\game_variants\vip.json
20:32:53 [ERROR] FAILURE Halo 3 12070.08.09.05.2031.halo3_ship export-variant: C:\Users\codie\Projects\Blam-Title-Storage\Halo 3\Release\default_hoppers\game_variants\wishbone_brawl.json
20:32:53 [ERROR] FAILURE Halo 3 12070.08.09.05.2031.halo3_ship export-variant: C:\Users\codie\Projects\Blam-Title-Storage\Halo 3\Release\tu2_hoppers\game_variants\1_flag_brs.json
20:32:53 [ERROR] FAILURE Halo 3 12070.08.09.05.2031.halo3_ship export-variant: C:\Users\codie\Projects\Blam-Title-Storage\Halo 3\Release\tu2_hoppers\game_variants\1_flag_classic.json
20:32:54 [ERROR] FAILURE Halo 3 12070.08.09.05.2031.halo3_ship export-variant: C:\Users\codie\Projects\Blam-Title-Storage\Halo 3\Release\tu2_hoppers\game_variants\1_flag_ctf.json
20:32:54 [ERROR] FAILURE Halo 3 12070.08.09.05.2031.halo3_ship export-variant: C:\Users\codie\Projects\Blam-Title-Storage\Halo 3\Release\tu2_hoppers\game_variants\1_flag_doubles.json
20:32:54 [ERROR] FAILURE Halo 3 12070.08.09.05.2031.halo3_ship export-variant: C:\Users\codie\Projects\Blam-Title-Storage\Halo 3\Release\tu2_hoppers\game_variants\2_bomb_assault.json
20:32:54 [ERROR] FAILURE Halo 3 12070.08.09.05.2031.halo3_ship export-variant: C:\Users\codie\Projects\Blam-Title-Storage\Halo 3\Release\tu2_hoppers\game_variants\2_flag_classic.json
20:32:54 [ERROR] FAILURE Halo 3 12070.08.09.05.2031.halo3_ship export-variant: C:\Users\codie\Projects\Blam-Title-Storage\Halo 3\Release\tu2_hoppers\game_variants\2_flag_doubles.json
20:32:54 [ERROR] FAILURE Halo 3 12070.08.09.05.2031.halo3_ship export-variant: C:\Users\codie\Projects\Blam-Title-Storage\Halo 3\Release\tu2_hoppers\game_variants\2_flag_heavy.json
20:32:54 [ERROR] FAILURE Halo 3 12070.08.09.05.2031.halo3_ship export-variant: C:\Users\codie\Projects\Blam-Title-Storage\Halo 3\Release\tu2_hoppers\game_variants\2_flag_shottys.json
20:32:54 [ERROR] FAILURE Halo 3 12070.08.09.05.2031.halo3_ship export-variant: C:\Users\codie\Projects\Blam-Title-Storage\Halo 3\Release\tu2_hoppers\game_variants\3_ball.json
20:32:54 [ERROR] FAILURE Halo 3 12070.08.09.05.2031.halo3_ship export-variant: C:\Users\codie\Projects\Blam-Title-Storage\Halo 3\Release\tu2_hoppers\game_variants\3_ball_fiesta.json
20:32:54 [ERROR] FAILURE Halo 3 12070.08.09.05.2031.halo3_ship export-variant: C:\Users\codie\Projects\Blam-Title-Storage\Halo 3\Release\tu2_hoppers\game_variants\3_ball_hardcore.json
20:32:54 [ERROR] FAILURE Halo 3 12070.08.09.05.2031.halo3_ship export-variant: C:\Users\codie\Projects\Blam-Title-Storage\Halo 3\Release\tu2_hoppers\game_variants\3_ball_rockets.json
20:32:54 [ERROR] FAILURE Halo 3 12070.08.09.05.2031.halo3_ship export-variant: C:\Users\codie\Projects\Blam-Title-Storage\Halo 3\Release\tu2_hoppers\game_variants\aeriel_grifball.json
20:32:54 [ERROR] FAILURE Halo 3 12070.08.09.05.2031.halo3_ship export-variant: C:\Users\codie\Projects\Blam-Title-Storage\Halo 3\Release\tu2_hoppers\game_variants\agla_-_grifball.json
20:32:54 [ERROR] FAILURE Halo 3 12070.08.09.05.2031.halo3_ship export-variant: C:\Users\codie\Projects\Blam-Title-Storage\Halo 3\Release\tu2_hoppers\game_variants\assault.json
20:32:54 [ERROR] FAILURE Halo 3 12070.08.09.05.2031.halo3_ship export-variant: C:\Users\codie\Projects\Blam-Title-Storage\Halo 3\Release\tu2_hoppers\game_variants\asset_escort.json
20:32:54 [ERROR] FAILURE Halo 3 12070.08.09.05.2031.halo3_ship export-variant: C:\Users\codie\Projects\Blam-Title-Storage\Halo 3\Release\tu2_hoppers\game_variants\big_splockets.json
20:32:54 [ERROR] FAILURE Halo 3 12070.08.09.05.2031.halo3_ship export-variant: C:\Users\codie\Projects\Blam-Title-Storage\Halo 3\Release\tu2_hoppers\game_variants\black_friday.json
20:32:55 [ERROR] FAILURE Halo 3 12070.08.09.05.2031.halo3_ship export-variant: C:\Users\codie\Projects\Blam-Title-Storage\Halo 3\Release\tu2_hoppers\game_variants\crazy_king.json
20:32:55 [ERROR] FAILURE Halo 3 12070.08.09.05.2031.halo3_ship export-variant: C:\Users\codie\Projects\Blam-Title-Storage\Halo 3\Release\tu2_hoppers\game_variants\creepingrockets.json
20:32:55 [ERROR] FAILURE Halo 3 12070.08.09.05.2031.halo3_ship export-variant: C:\Users\codie\Projects\Blam-Title-Storage\Halo 3\Release\tu2_hoppers\game_variants\ffa_rocket_hill.json
20:32:55 [ERROR] FAILURE Halo 3 12070.08.09.05.2031.halo3_ship export-variant: C:\Users\codie\Projects\Blam-Title-Storage\Halo 3\Release\tu2_hoppers\game_variants\ffa_rocket_lasers.json
20:32:55 [ERROR] FAILURE Halo 3 12070.08.09.05.2031.halo3_ship export-variant: C:\Users\codie\Projects\Blam-Title-Storage\Halo 3\Release\tu2_hoppers\game_variants\ffa_rocket_oddball.json
20:32:55 [ERROR] FAILURE Halo 3 12070.08.09.05.2031.halo3_ship export-variant: C:\Users\codie\Projects\Blam-Title-Storage\Halo 3\Release\tu2_hoppers\game_variants\ffa_rocket_snipers.json
20:32:55 [ERROR] FAILURE Halo 3 12070.08.09.05.2031.halo3_ship export-variant: C:\Users\codie\Projects\Blam-Title-Storage\Halo 3\Release\tu2_hoppers\game_variants\fiestanaut.json
20:32:55 [ERROR] FAILURE Halo 3 12070.08.09.05.2031.halo3_ship export-variant: C:\Users\codie\Projects\Blam-Title-Storage\Halo 3\Release\tu2_hoppers\game_variants\fiesta_ball.json
20:32:55 [ERROR] FAILURE Halo 3 12070.08.09.05.2031.halo3_ship export-variant: C:\Users\codie\Projects\Blam-Title-Storage\Halo 3\Release\tu2_hoppers\game_variants\fiesta_king.json
20:32:55 [ERROR] FAILURE Halo 3 12070.08.09.05.2031.halo3_ship export-variant: C:\Users\codie\Projects\Blam-Title-Storage\Halo 3\Release\tu2_hoppers\game_variants\grifballupthere.json
20:32:55 [ERROR] FAILURE Halo 3 12070.08.09.05.2031.halo3_ship export-variant: C:\Users\codie\Projects\Blam-Title-Storage\Halo 3\Release\tu2_hoppers\game_variants\hammerzeit.json
20:32:55 [ERROR] FAILURE Halo 3 12070.08.09.05.2031.halo3_ship export-variant: C:\Users\codie\Projects\Blam-Title-Storage\Halo 3\Release\tu2_hoppers\game_variants\hammer_hill.json
20:32:55 [ERROR] FAILURE Halo 3 12070.08.09.05.2031.halo3_ship export-variant: C:\Users\codie\Projects\Blam-Title-Storage\Halo 3\Release\tu2_hoppers\game_variants\mayan_grifball.json
20:32:55 [ERROR] FAILURE Halo 3 12070.08.09.05.2031.halo3_ship export-variant: C:\Users\codie\Projects\Blam-Title-Storage\Halo 3\Release\tu2_hoppers\game_variants\mlg_ffa.json
20:32:55 [ERROR] FAILURE Halo 3 12070.08.09.05.2031.halo3_ship export-variant: C:\Users\codie\Projects\Blam-Title-Storage\Halo 3\Release\tu2_hoppers\game_variants\mlg_multi_flag.json
20:32:55 [ERROR] FAILURE Halo 3 12070.08.09.05.2031.halo3_ship export-variant: C:\Users\codie\Projects\Blam-Title-Storage\Halo 3\Release\tu2_hoppers\game_variants\mlg_team_ball.json
20:32:55 [ERROR] FAILURE Halo 3 12070.08.09.05.2031.halo3_ship export-variant: C:\Users\codie\Projects\Blam-Title-Storage\Halo 3\Release\tu2_hoppers\game_variants\mosh_pit.json
20:32:55 [ERROR] FAILURE Halo 3 12070.08.09.05.2031.halo3_ship export-variant: C:\Users\codie\Projects\Blam-Title-Storage\Halo 3\Release\tu2_hoppers\game_variants\multi_flag_brs.json
20:32:55 [ERROR] FAILURE Halo 3 12070.08.09.05.2031.halo3_ship export-variant: C:\Users\codie\Projects\Blam-Title-Storage\Halo 3\Release\tu2_hoppers\game_variants\ninja_assault.json
20:32:55 [ERROR] FAILURE Halo 3 12070.08.09.05.2031.halo3_ship export-variant: C:\Users\codie\Projects\Blam-Title-Storage\Halo 3\Release\tu2_hoppers\game_variants\oddball.json
20:32:55 [ERROR] FAILURE Halo 3 12070.08.09.05.2031.halo3_ship export-variant: C:\Users\codie\Projects\Blam-Title-Storage\Halo 3\Release\tu2_hoppers\game_variants\odst_slayer.json
20:32:55 [ERROR] FAILURE Halo 3 12070.08.09.05.2031.halo3_ship export-variant: C:\Users\codie\Projects\Blam-Title-Storage\Halo 3\Release\tu2_hoppers\game_variants\one_bomb.json
20:32:56 [ERROR] FAILURE Halo 3 12070.08.09.05.2031.halo3_ship export-variant: C:\Users\codie\Projects\Blam-Title-Storage\Halo 3\Release\tu2_hoppers\game_variants\red_glare.json
20:32:56 [ERROR] FAILURE Halo 3 12070.08.09.05.2031.halo3_ship export-variant: C:\Users\codie\Projects\Blam-Title-Storage\Halo 3\Release\tu2_hoppers\game_variants\rockets.json
20:32:56 [ERROR] FAILURE Halo 3 12070.08.09.05.2031.halo3_ship export-variant: C:\Users\codie\Projects\Blam-Title-Storage\Halo 3\Release\tu2_hoppers\game_variants\rocket_ball.json
20:32:56 [ERROR] FAILURE Halo 3 12070.08.09.05.2031.halo3_ship export-variant: C:\Users\codie\Projects\Blam-Title-Storage\Halo 3\Release\tu2_hoppers\game_variants\rocket_king.json
20:32:56 [ERROR] FAILURE Halo 3 12070.08.09.05.2031.halo3_ship export-variant: C:\Users\codie\Projects\Blam-Title-Storage\Halo 3\Release\tu2_hoppers\game_variants\rumble_hammers.json
20:32:56 [ERROR] FAILURE Halo 3 12070.08.09.05.2031.halo3_ship export-variant: C:\Users\codie\Projects\Blam-Title-Storage\Halo 3\Release\tu2_hoppers\game_variants\run_for_cover.json
20:32:56 [ERROR] FAILURE Halo 3 12070.08.09.05.2031.halo3_ship export-variant: C:\Users\codie\Projects\Blam-Title-Storage\Halo 3\Release\tu2_hoppers\game_variants\shotty_snipers.json
20:32:56 [ERROR] FAILURE Halo 3 12070.08.09.05.2031.halo3_ship export-variant: C:\Users\codie\Projects\Blam-Title-Storage\Halo 3\Release\tu2_hoppers\game_variants\shwatguns.json
20:32:56 [ERROR] FAILURE Halo 3 12070.08.09.05.2031.halo3_ship export-variant: C:\Users\codie\Projects\Blam-Title-Storage\Halo 3\Release\tu2_hoppers\game_variants\slayer.json
20:32:56 [ERROR] FAILURE Halo 3 12070.08.09.05.2031.halo3_ship export-variant: C:\Users\codie\Projects\Blam-Title-Storage\Halo 3\Release\tu2_hoppers\game_variants\slayer_brs.json
20:32:56 [ERROR] FAILURE Halo 3 12070.08.09.05.2031.halo3_ship export-variant: C:\Users\codie\Projects\Blam-Title-Storage\Halo 3\Release\tu2_hoppers\game_variants\sniper_hill.json
20:32:56 [ERROR] FAILURE Halo 3 12070.08.09.05.2031.halo3_ship export-variant: C:\Users\codie\Projects\Blam-Title-Storage\Halo 3\Release\tu2_hoppers\game_variants\snockets.json
20:32:56 [ERROR] FAILURE Halo 3 12070.08.09.05.2031.halo3_ship export-variant: C:\Users\codie\Projects\Blam-Title-Storage\Halo 3\Release\tu2_hoppers\game_variants\splockets.json
20:32:56 [ERROR] FAILURE Halo 3 12070.08.09.05.2031.halo3_ship export-variant: C:\Users\codie\Projects\Blam-Title-Storage\Halo 3\Release\tu2_hoppers\game_variants\stab-out.json
20:32:56 [ERROR] FAILURE Halo 3 12070.08.09.05.2031.halo3_ship export-variant: C:\Users\codie\Projects\Blam-Title-Storage\Halo 3\Release\tu2_hoppers\game_variants\swatball.json
20:32:56 [ERROR] FAILURE Halo 3 12070.08.09.05.2031.halo3_ship export-variant: C:\Users\codie\Projects\Blam-Title-Storage\Halo 3\Release\tu2_hoppers\game_variants\swat_2_flag.json
20:32:56 [ERROR] FAILURE Halo 3 12070.08.09.05.2031.halo3_ship export-variant: C:\Users\codie\Projects\Blam-Title-Storage\Halo 3\Release\tu2_hoppers\game_variants\swat_magnums.json
20:32:56 [ERROR] FAILURE Halo 3 12070.08.09.05.2031.halo3_ship export-variant: C:\Users\codie\Projects\Blam-Title-Storage\Halo 3\Release\tu2_hoppers\game_variants\swords.json
20:32:56 [ERROR] FAILURE Halo 3 12070.08.09.05.2031.halo3_ship export-variant: C:\Users\codie\Projects\Blam-Title-Storage\Halo 3\Release\tu2_hoppers\game_variants\team_brs.json
20:32:56 [ERROR] FAILURE Halo 3 12070.08.09.05.2031.halo3_ship export-variant: C:\Users\codie\Projects\Blam-Title-Storage\Halo 3\Release\tu2_hoppers\game_variants\team_duals.json
20:32:56 [ERROR] FAILURE Halo 3 12070.08.09.05.2031.halo3_ship export-variant: C:\Users\codie\Projects\Blam-Title-Storage\Halo 3\Release\tu2_hoppers\game_variants\team_hammers.json
20:32:56 [ERROR] FAILURE Halo 3 12070.08.09.05.2031.halo3_ship export-variant: C:\Users\codie\Projects\Blam-Title-Storage\Halo 3\Release\tu2_hoppers\game_variants\team_king.json
20:32:56 [ERROR] FAILURE Halo 3 12070.08.09.05.2031.halo3_ship export-variant: C:\Users\codie\Projects\Blam-Title-Storage\Halo 3\Release\tu2_hoppers\game_variants\team_king_hammers.json
20:32:56 [ERROR] FAILURE Halo 3 12070.08.09.05.2031.halo3_ship export-variant: C:\Users\codie\Projects\Blam-Title-Storage\Halo 3\Release\tu2_hoppers\game_variants\team_rocket_lasers.json
20:32:56 [ERROR] FAILURE Halo 3 12070.08.09.05.2031.halo3_ship export-variant: C:\Users\codie\Projects\Blam-Title-Storage\Halo 3\Release\tu2_hoppers\game_variants\team_sniper_hill.json
20:32:56 [ERROR] FAILURE Halo 3 12070.08.09.05.2031.halo3_ship export-variant: C:\Users\codie\Projects\Blam-Title-Storage\Halo 3\Release\tu2_hoppers\game_variants\team_swords.json
20:32:57 [ERROR] FAILURE Halo 3 12070.08.09.05.2031.halo3_ship export-variant: C:\Users\codie\Projects\Blam-Title-Storage\Halo 3\Release\tu2_hoppers\game_variants\territories_br.json
20:32:57 [ERROR] FAILURE Halo 3 12070.08.09.05.2031.halo3_ship export-variant: C:\Users\codie\Projects\Blam-Title-Storage\Halo 3\Release\tu2_hoppers\game_variants\tryptophan.json
20:32:57 [ERROR] FAILURE Halo 3 12070.08.09.05.2031.halo3_ship export-variant: C:\Users\codie\Projects\Blam-Title-Storage\Halo 3\Release\tu2_hoppers\game_variants\turkey_boxingdaybrawl.json
20:32:57 [ERROR] FAILURE Halo 3 12070.08.09.05.2031.halo3_ship export-variant: C:\Users\codie\Projects\Blam-Title-Storage\Halo 3\Release\tu2_hoppers\game_variants\turkey_carvers.json
20:32:57 [ERROR] FAILURE Halo 3 12070.08.09.05.2031.halo3_ship export-variant: C:\Users\codie\Projects\Blam-Title-Storage\Halo 3\Release\tu2_hoppers\game_variants\turkey_fiesta.json
20:32:57 [ERROR] FAILURE Halo 3 12070.08.09.05.2031.halo3_ship export-variant: C:\Users\codie\Projects\Blam-Title-Storage\Halo 3\Release\tu2_hoppers\game_variants\turkey_infection.json
20:32:57 [ERROR] FAILURE Halo 3 12070.08.09.05.2031.halo3_ship export-variant: C:\Users\codie\Projects\Blam-Title-Storage\Halo 3\Release\tu2_hoppers\game_variants\turkey_oddball.json
20:32:57 [ERROR] FAILURE Halo 3 12070.08.09.05.2031.halo3_ship export-variant: C:\Users\codie\Projects\Blam-Title-Storage\Halo 3\Release\tu2_hoppers\game_variants\turkey_swords.json
20:32:57 [ERROR] FAILURE Halo 3 12070.08.09.05.2031.halo3_ship export-variant: C:\Users\codie\Projects\Blam-Title-Storage\Halo 3\Release\tu2_hoppers\game_variants\vip.json
20:32:57 [ERROR] FAILURE Halo 3 12070.08.09.05.2031.halo3_ship export-variant: C:\Users\codie\Projects\Blam-Title-Storage\Halo 3\Release\tu2_hoppers\game_variants\wishbone_brawl.json
20:32:57 [INFO] Step 3: build configuration from binaries
20:33:02 [INFO] Step 4: import variants into configuration
20:33:09 [ERROR] FAILURE Halo 3 12070.08.09.05.2031.halo3_ship import-variant: C:\Users\codie\AppData\Local\Temp\blf-upgrade-28843d5f-0e42-40d5-8823-a454a9dbde65\default_hoppers\map_variants\abandoned.bin
20:33:14 [ERROR] FAILURE Halo 3 12070.08.09.05.2031.halo3_ship import-variant: C:\Users\codie\AppData\Local\Temp\blf-upgrade-28843d5f-0e42-40d5-8823-a454a9dbde65\default_hoppers\map_variants\alchemy.bin
20:34:39 [ERROR] FAILURE Halo 3 12070.08.09.05.2031.halo3_ship import-variant: C:\Users\codie\AppData\Local\Temp\blf-upgrade-28843d5f-0e42-40d5-8823-a454a9dbde65\default_hoppers\map_variants\bn1_abandoned.bin
20:34:39 [ERROR] FAILURE Halo 3 12070.08.09.05.2031.halo3_ship import-variant: C:\Users\codie\AppData\Local\Temp\blf-upgrade-28843d5f-0e42-40d5-8823-a454a9dbde65\default_hoppers\map_variants\bn1_alchemy.bin
20:34:52 [ERROR] FAILURE Halo 3 12070.08.09.05.2031.halo3_ship import-variant: C:\Users\codie\AppData\Local\Temp\blf-upgrade-28843d5f-0e42-40d5-8823-a454a9dbde65\default_hoppers\map_variants\bn1_concealed.bin
20:34:52 [ERROR] FAILURE Halo 3 12070.08.09.05.2031.halo3_ship import-variant: C:\Users\codie\AppData\Local\Temp\blf-upgrade-28843d5f-0e42-40d5-8823-a454a9dbde65\default_hoppers\map_variants\bn1_crest.bin
20:34:52 [ERROR] FAILURE Halo 3 12070.08.09.05.2031.halo3_ship import-variant: C:\Users\codie\AppData\Local\Temp\blf-upgrade-28843d5f-0e42-40d5-8823-a454a9dbde65\default_hoppers\map_variants\bn1_dunebox.bin
20:34:53 [ERROR] FAILURE Halo 3 12070.08.09.05.2031.halo3_ship import-variant: C:\Users\codie\AppData\Local\Temp\blf-upgrade-28843d5f-0e42-40d5-8823-a454a9dbde65\default_hoppers\map_variants\bn1_halo_stadium.bin
20:34:54 [ERROR] FAILURE Halo 3 12070.08.09.05.2031.halo3_ship import-variant: C:\Users\codie\AppData\Local\Temp\blf-upgrade-28843d5f-0e42-40d5-8823-a454a9dbde65\default_hoppers\map_variants\bn1_heatwave.bin
20:34:56 [ERROR] FAILURE Halo 3 12070.08.09.05.2031.halo3_ship import-variant: C:\Users\codie\AppData\Local\Temp\blf-upgrade-28843d5f-0e42-40d5-8823-a454a9dbde65\default_hoppers\map_variants\bn1_instinct.bin
20:34:56 [ERROR] FAILURE Halo 3 12070.08.09.05.2031.halo3_ship import-variant: C:\Users\codie\AppData\Local\Temp\blf-upgrade-28843d5f-0e42-40d5-8823-a454a9dbde65\default_hoppers\map_variants\bn1_intersect.bin
20:34:56 [ERROR] FAILURE Halo 3 12070.08.09.05.2031.halo3_ship import-variant: C:\Users\codie\AppData\Local\Temp\blf-upgrade-28843d5f-0e42-40d5-8823-a454a9dbde65\default_hoppers\map_variants\bn1_mice_nest.bin
20:35:04 [ERROR] FAILURE Halo 3 12070.08.09.05.2031.halo3_ship import-variant: C:\Users\codie\AppData\Local\Temp\blf-upgrade-28843d5f-0e42-40d5-8823-a454a9dbde65\default_hoppers\map_variants\bn1_project_7.bin
20:35:06 [ERROR] FAILURE Halo 3 12070.08.09.05.2031.halo3_ship import-variant: C:\Users\codie\AppData\Local\Temp\blf-upgrade-28843d5f-0e42-40d5-8823-a454a9dbde65\default_hoppers\map_variants\bn1_recovery.bin
20:35:07 [ERROR] FAILURE Halo 3 12070.08.09.05.2031.halo3_ship import-variant: C:\Users\codie\AppData\Local\Temp\blf-upgrade-28843d5f-0e42-40d5-8823-a454a9dbde65\default_hoppers\map_variants\bn1_secundus.bin
20:35:07 [ERROR] FAILURE Halo 3 12070.08.09.05.2031.halo3_ship import-variant: C:\Users\codie\AppData\Local\Temp\blf-upgrade-28843d5f-0e42-40d5-8823-a454a9dbde65\default_hoppers\map_variants\bn1_shortshore.bin
20:35:10 [ERROR] FAILURE Halo 3 12070.08.09.05.2031.halo3_ship import-variant: C:\Users\codie\AppData\Local\Temp\blf-upgrade-28843d5f-0e42-40d5-8823-a454a9dbde65\default_hoppers\map_variants\bn1_solaris.bin
20:35:10 [ERROR] FAILURE Halo 3 12070.08.09.05.2031.halo3_ship import-variant: C:\Users\codie\AppData\Local\Temp\blf-upgrade-28843d5f-0e42-40d5-8823-a454a9dbde65\default_hoppers\map_variants\bn1_stone_hill.bin
20:35:10 [ERROR] FAILURE Halo 3 12070.08.09.05.2031.halo3_ship import-variant: C:\Users\codie\AppData\Local\Temp\blf-upgrade-28843d5f-0e42-40d5-8823-a454a9dbde65\default_hoppers\map_variants\bn1_stray.bin
20:35:10 [ERROR] FAILURE Halo 3 12070.08.09.05.2031.halo3_ship import-variant: C:\Users\codie\AppData\Local\Temp\blf-upgrade-28843d5f-0e42-40d5-8823-a454a9dbde65\default_hoppers\map_variants\bn1_symmetry.bin
20:35:11 [ERROR] FAILURE Halo 3 12070.08.09.05.2031.halo3_ship import-variant: C:\Users\codie\AppData\Local\Temp\blf-upgrade-28843d5f-0e42-40d5-8823-a454a9dbde65\default_hoppers\map_variants\bn1_testament_v2.bin
20:35:15 [ERROR] FAILURE Halo 3 12070.08.09.05.2031.halo3_ship import-variant: C:\Users\codie\AppData\Local\Temp\blf-upgrade-28843d5f-0e42-40d5-8823-a454a9dbde65\default_hoppers\map_variants\bn1_the_worm.bin
20:35:15 [ERROR] FAILURE Halo 3 12070.08.09.05.2031.halo3_ship import-variant: C:\Users\codie\AppData\Local\Temp\blf-upgrade-28843d5f-0e42-40d5-8823-a454a9dbde65\default_hoppers\map_variants\bn1_tomb_of_anubis.bin
20:35:15 [ERROR] FAILURE Halo 3 12070.08.09.05.2031.halo3_ship import-variant: C:\Users\codie\AppData\Local\Temp\blf-upgrade-28843d5f-0e42-40d5-8823-a454a9dbde65\default_hoppers\map_variants\bn1_union.bin
20:35:15 [ERROR] FAILURE Halo 3 12070.08.09.05.2031.halo3_ship import-variant: C:\Users\codie\AppData\Local\Temp\blf-upgrade-28843d5f-0e42-40d5-8823-a454a9dbde65\default_hoppers\map_variants\bn1_vortex.bin
20:35:15 [ERROR] FAILURE Halo 3 12070.08.09.05.2031.halo3_ship import-variant: C:\Users\codie\AppData\Local\Temp\blf-upgrade-28843d5f-0e42-40d5-8823-a454a9dbde65\default_hoppers\map_variants\bn1_warhouse.bin
20:35:15 [ERROR] FAILURE Halo 3 12070.08.09.05.2031.halo3_ship import-variant: C:\Users\codie\AppData\Local\Temp\blf-upgrade-28843d5f-0e42-40d5-8823-a454a9dbde65\default_hoppers\map_variants\bn1_zombie_towers.bin
20:35:38 [ERROR] FAILURE Halo 3 12070.08.09.05.2031.halo3_ship import-variant: C:\Users\codie\AppData\Local\Temp\blf-upgrade-28843d5f-0e42-40d5-8823-a454a9dbde65\default_hoppers\map_variants\concealed.bin
20:35:44 [ERROR] FAILURE Halo 3 12070.08.09.05.2031.halo3_ship import-variant: C:\Users\codie\AppData\Local\Temp\blf-upgrade-28843d5f-0e42-40d5-8823-a454a9dbde65\default_hoppers\map_variants\crest.bin
20:36:37 [ERROR] FAILURE Halo 3 12070.08.09.05.2031.halo3_ship import-variant: C:\Users\codie\AppData\Local\Temp\blf-upgrade-28843d5f-0e42-40d5-8823-a454a9dbde65\default_hoppers\map_variants\dunebox.bin
20:37:23 [ERROR] FAILURE Halo 3 12070.08.09.05.2031.halo3_ship import-variant: C:\Users\codie\AppData\Local\Temp\blf-upgrade-28843d5f-0e42-40d5-8823-a454a9dbde65\default_hoppers\map_variants\halo_stadium.bin
20:37:26 [ERROR] FAILURE Halo 3 12070.08.09.05.2031.halo3_ship import-variant: C:\Users\codie\AppData\Local\Temp\blf-upgrade-28843d5f-0e42-40d5-8823-a454a9dbde65\default_hoppers\map_variants\heatwave.bin
20:37:50 [ERROR] FAILURE Halo 3 12070.08.09.05.2031.halo3_ship import-variant: C:\Users\codie\AppData\Local\Temp\blf-upgrade-28843d5f-0e42-40d5-8823-a454a9dbde65\default_hoppers\map_variants\instinct.bin
20:37:50 [ERROR] FAILURE Halo 3 12070.08.09.05.2031.halo3_ship import-variant: C:\Users\codie\AppData\Local\Temp\blf-upgrade-28843d5f-0e42-40d5-8823-a454a9dbde65\default_hoppers\map_variants\intersect.bin
20:38:05 [ERROR] FAILURE Halo 3 12070.08.09.05.2031.halo3_ship import-variant: C:\Users\codie\AppData\Local\Temp\blf-upgrade-28843d5f-0e42-40d5-8823-a454a9dbde65\default_hoppers\map_variants\mice_nest.bin
20:39:11 [ERROR] FAILURE Halo 3 12070.08.09.05.2031.halo3_ship import-variant: C:\Users\codie\AppData\Local\Temp\blf-upgrade-28843d5f-0e42-40d5-8823-a454a9dbde65\default_hoppers\map_variants\project_7.bin
20:39:40 [ERROR] FAILURE Halo 3 12070.08.09.05.2031.halo3_ship import-variant: C:\Users\codie\AppData\Local\Temp\blf-upgrade-28843d5f-0e42-40d5-8823-a454a9dbde65\default_hoppers\map_variants\recovery.bin
20:40:08 [ERROR] FAILURE Halo 3 12070.08.09.05.2031.halo3_ship import-variant: C:\Users\codie\AppData\Local\Temp\blf-upgrade-28843d5f-0e42-40d5-8823-a454a9dbde65\default_hoppers\map_variants\secundus.bin
20:40:11 [ERROR] FAILURE Halo 3 12070.08.09.05.2031.halo3_ship import-variant: C:\Users\codie\AppData\Local\Temp\blf-upgrade-28843d5f-0e42-40d5-8823-a454a9dbde65\default_hoppers\map_variants\shortshore.bin
20:40:46 [ERROR] FAILURE Halo 3 12070.08.09.05.2031.halo3_ship import-variant: C:\Users\codie\AppData\Local\Temp\blf-upgrade-28843d5f-0e42-40d5-8823-a454a9dbde65\default_hoppers\map_variants\solaris.bin
20:41:01 [ERROR] FAILURE Halo 3 12070.08.09.05.2031.halo3_ship import-variant: C:\Users\codie\AppData\Local\Temp\blf-upgrade-28843d5f-0e42-40d5-8823-a454a9dbde65\default_hoppers\map_variants\stone_hill.bin
20:41:02 [ERROR] FAILURE Halo 3 12070.08.09.05.2031.halo3_ship import-variant: C:\Users\codie\AppData\Local\Temp\blf-upgrade-28843d5f-0e42-40d5-8823-a454a9dbde65\default_hoppers\map_variants\stray.bin
20:41:21 [ERROR] FAILURE Halo 3 12070.08.09.05.2031.halo3_ship import-variant: C:\Users\codie\AppData\Local\Temp\blf-upgrade-28843d5f-0e42-40d5-8823-a454a9dbde65\default_hoppers\map_variants\symmetry.bin
20:41:27 [ERROR] FAILURE Halo 3 12070.08.09.05.2031.halo3_ship import-variant: C:\Users\codie\AppData\Local\Temp\blf-upgrade-28843d5f-0e42-40d5-8823-a454a9dbde65\default_hoppers\map_variants\testament_v2.bin
20:41:38 [ERROR] FAILURE Halo 3 12070.08.09.05.2031.halo3_ship import-variant: C:\Users\codie\AppData\Local\Temp\blf-upgrade-28843d5f-0e42-40d5-8823-a454a9dbde65\default_hoppers\map_variants\the_worm.bin
20:41:39 [ERROR] FAILURE Halo 3 12070.08.09.05.2031.halo3_ship import-variant: C:\Users\codie\AppData\Local\Temp\blf-upgrade-28843d5f-0e42-40d5-8823-a454a9dbde65\default_hoppers\map_variants\tomb_of_anubis.bin
20:41:53 [ERROR] FAILURE Halo 3 12070.08.09.05.2031.halo3_ship import-variant: C:\Users\codie\AppData\Local\Temp\blf-upgrade-28843d5f-0e42-40d5-8823-a454a9dbde65\default_hoppers\map_variants\union.bin
20:42:04 [ERROR] FAILURE Halo 3 12070.08.09.05.2031.halo3_ship import-variant: C:\Users\codie\AppData\Local\Temp\blf-upgrade-28843d5f-0e42-40d5-8823-a454a9dbde65\default_hoppers\map_variants\vortex.bin
20:42:05 [ERROR] FAILURE Halo 3 12070.08.09.05.2031.halo3_ship import-variant: C:\Users\codie\AppData\Local\Temp\blf-upgrade-28843d5f-0e42-40d5-8823-a454a9dbde65\default_hoppers\map_variants\warhouse.bin
20:42:15 [ERROR] FAILURE Halo 3 12070.08.09.05.2031.halo3_ship import-variant: C:\Users\codie\AppData\Local\Temp\blf-upgrade-28843d5f-0e42-40d5-8823-a454a9dbde65\default_hoppers\map_variants\zombie_towers.bin
20:43:24 [ERROR] FAILURE Halo 3 12070.08.09.05.2031.halo3_ship import-variant: C:\Users\codie\AppData\Local\Temp\blf-upgrade-28843d5f-0e42-40d5-8823-a454a9dbde65\tu2_hoppers\map_variants\bn1_cavern.bin
20:43:24 [ERROR] FAILURE Halo 3 12070.08.09.05.2031.halo3_ship import-variant: C:\Users\codie\AppData\Local\Temp\blf-upgrade-28843d5f-0e42-40d5-8823-a454a9dbde65\tu2_hoppers\map_variants\bn1_deadbolt.bin
20:43:24 [ERROR] FAILURE Halo 3 12070.08.09.05.2031.halo3_ship import-variant: C:\Users\codie\AppData\Local\Temp\blf-upgrade-28843d5f-0e42-40d5-8823-a454a9dbde65\tu2_hoppers\map_variants\bn1_hexaplex.bin
20:43:24 [ERROR] FAILURE Halo 3 12070.08.09.05.2031.halo3_ship import-variant: C:\Users\codie\AppData\Local\Temp\blf-upgrade-28843d5f-0e42-40d5-8823-a454a9dbde65\tu2_hoppers\map_variants\bn1_multicog.bin
20:43:24 [ERROR] FAILURE Halo 3 12070.08.09.05.2031.halo3_ship import-variant: C:\Users\codie\AppData\Local\Temp\blf-upgrade-28843d5f-0e42-40d5-8823-a454a9dbde65\tu2_hoppers\map_variants\bn1_octoplex.bin
20:43:24 [ERROR] FAILURE Halo 3 12070.08.09.05.2031.halo3_ship import-variant: C:\Users\codie\AppData\Local\Temp\blf-upgrade-28843d5f-0e42-40d5-8823-a454a9dbde65\tu2_hoppers\map_variants\bn1_paralysis_v10.bin
20:43:24 [ERROR] FAILURE Halo 3 12070.08.09.05.2031.halo3_ship import-variant: C:\Users\codie\AppData\Local\Temp\blf-upgrade-28843d5f-0e42-40d5-8823-a454a9dbde65\tu2_hoppers\map_variants\bn1_plurality.bin
20:43:24 [ERROR] FAILURE Halo 3 12070.08.09.05.2031.halo3_ship import-variant: C:\Users\codie\AppData\Local\Temp\blf-upgrade-28843d5f-0e42-40d5-8823-a454a9dbde65\tu2_hoppers\map_variants\bn1_rock_solid.bin
20:43:24 [ERROR] FAILURE Halo 3 12070.08.09.05.2031.halo3_ship import-variant: C:\Users\codie\AppData\Local\Temp\blf-upgrade-28843d5f-0e42-40d5-8823-a454a9dbde65\tu2_hoppers\map_variants\bn1_sniper_plurality.bin
20:43:24 [ERROR] FAILURE Halo 3 12070.08.09.05.2031.halo3_ship import-variant: C:\Users\codie\AppData\Local\Temp\blf-upgrade-28843d5f-0e42-40d5-8823-a454a9dbde65\tu2_hoppers\map_variants\bn1_the_great_wall.bin
20:43:24 [ERROR] FAILURE Halo 3 12070.08.09.05.2031.halo3_ship import-variant: C:\Users\codie\AppData\Local\Temp\blf-upgrade-28843d5f-0e42-40d5-8823-a454a9dbde65\tu2_hoppers\map_variants\bn1_the_mantle.bin
20:43:29 [ERROR] FAILURE Halo 3 12070.08.09.05.2031.halo3_ship import-variant: C:\Users\codie\AppData\Local\Temp\blf-upgrade-28843d5f-0e42-40d5-8823-a454a9dbde65\tu2_hoppers\map_variants\cavern.bin
20:45:17 [ERROR] FAILURE Halo 3 12070.08.09.05.2031.halo3_ship import-variant: C:\Users\codie\AppData\Local\Temp\blf-upgrade-28843d5f-0e42-40d5-8823-a454a9dbde65\tu2_hoppers\map_variants\multicog.bin
20:45:23 [ERROR] FAILURE Halo 3 12070.08.09.05.2031.halo3_ship import-variant: C:\Users\codie\AppData\Local\Temp\blf-upgrade-28843d5f-0e42-40d5-8823-a454a9dbde65\tu2_hoppers\map_variants\octoplex.bin
20:45:38 [ERROR] FAILURE Halo 3 12070.08.09.05.2031.halo3_ship import-variant: C:\Users\codie\AppData\Local\Temp\blf-upgrade-28843d5f-0e42-40d5-8823-a454a9dbde65\tu2_hoppers\map_variants\paralysis_v1.0.bin
20:45:41 [ERROR] FAILURE Halo 3 12070.08.09.05.2031.halo3_ship import-variant: C:\Users\codie\AppData\Local\Temp\blf-upgrade-28843d5f-0e42-40d5-8823-a454a9dbde65\tu2_hoppers\map_variants\plurality.bin
20:45:41 [ERROR] FAILURE Halo 3 12070.08.09.05.2031.halo3_ship import-variant: C:\Users\codie\AppData\Local\Temp\blf-upgrade-28843d5f-0e42-40d5-8823-a454a9dbde65\tu2_hoppers\map_variants\plurality_snipe.bin
20:46:13 [ERROR] FAILURE Halo 3 12070.08.09.05.2031.halo3_ship import-variant: C:\Users\codie\AppData\Local\Temp\blf-upgrade-28843d5f-0e42-40d5-8823-a454a9dbde65\tu2_hoppers\map_variants\slyr_hexaplex.bin
20:46:14 [ERROR] FAILURE Halo 3 12070.08.09.05.2031.halo3_ship import-variant: C:\Users\codie\AppData\Local\Temp\blf-upgrade-28843d5f-0e42-40d5-8823-a454a9dbde65\tu2_hoppers\map_variants\slyr_rock_solid.bin
20:46:14 [ERROR] FAILURE Halo 3 12070.08.09.05.2031.halo3_ship import-variant: C:\Users\codie\AppData\Local\Temp\blf-upgrade-28843d5f-0e42-40d5-8823-a454a9dbde65\tu2_hoppers\map_variants\slyr_the_mantle.bin
20:47:08 [ERROR] FAILURE Halo 3 12070.08.09.05.2031.halo3_ship import-variant: C:\Users\codie\AppData\Local\Temp\blf-upgrade-28843d5f-0e42-40d5-8823-a454a9dbde65\tu2_hoppers\map_variants\the_great_wall.bin
20:47:30 [ERROR] FAILURE Halo 3 12070.08.09.05.2031.halo3_ship import-variant: C:\Users\codie\AppData\Local\Temp\blf-upgrade-28843d5f-0e42-40d5-8823-a454a9dbde65\default_hoppers\game_variants\1_flag_brs.bin
20:47:30 [ERROR] FAILURE Halo 3 12070.08.09.05.2031.halo3_ship import-variant: C:\Users\codie\AppData\Local\Temp\blf-upgrade-28843d5f-0e42-40d5-8823-a454a9dbde65\default_hoppers\game_variants\1_flag_classic.bin
20:47:30 [ERROR] FAILURE Halo 3 12070.08.09.05.2031.halo3_ship import-variant: C:\Users\codie\AppData\Local\Temp\blf-upgrade-28843d5f-0e42-40d5-8823-a454a9dbde65\default_hoppers\game_variants\1_flag_ctf.bin
20:47:30 [ERROR] FAILURE Halo 3 12070.08.09.05.2031.halo3_ship import-variant: C:\Users\codie\AppData\Local\Temp\blf-upgrade-28843d5f-0e42-40d5-8823-a454a9dbde65\default_hoppers\game_variants\1_flag_doubles.bin
20:47:30 [ERROR] FAILURE Halo 3 12070.08.09.05.2031.halo3_ship import-variant: C:\Users\codie\AppData\Local\Temp\blf-upgrade-28843d5f-0e42-40d5-8823-a454a9dbde65\default_hoppers\game_variants\2_flag_classic.bin
20:47:30 [ERROR] FAILURE Halo 3 12070.08.09.05.2031.halo3_ship import-variant: C:\Users\codie\AppData\Local\Temp\blf-upgrade-28843d5f-0e42-40d5-8823-a454a9dbde65\default_hoppers\game_variants\2_flag_doubles.bin
20:47:30 [ERROR] FAILURE Halo 3 12070.08.09.05.2031.halo3_ship import-variant: C:\Users\codie\AppData\Local\Temp\blf-upgrade-28843d5f-0e42-40d5-8823-a454a9dbde65\default_hoppers\game_variants\2_flag_heavy.bin
20:47:30 [ERROR] FAILURE Halo 3 12070.08.09.05.2031.halo3_ship import-variant: C:\Users\codie\AppData\Local\Temp\blf-upgrade-28843d5f-0e42-40d5-8823-a454a9dbde65\default_hoppers\game_variants\2_flag_shottys.bin
20:47:31 [ERROR] FAILURE Halo 3 12070.08.09.05.2031.halo3_ship import-variant: C:\Users\codie\AppData\Local\Temp\blf-upgrade-28843d5f-0e42-40d5-8823-a454a9dbde65\default_hoppers\game_variants\3_ball.bin
20:47:31 [ERROR] FAILURE Halo 3 12070.08.09.05.2031.halo3_ship import-variant: C:\Users\codie\AppData\Local\Temp\blf-upgrade-28843d5f-0e42-40d5-8823-a454a9dbde65\default_hoppers\game_variants\3_ball_fiesta.bin
20:47:31 [ERROR] FAILURE Halo 3 12070.08.09.05.2031.halo3_ship import-variant: C:\Users\codie\AppData\Local\Temp\blf-upgrade-28843d5f-0e42-40d5-8823-a454a9dbde65\default_hoppers\game_variants\3_ball_hardcore.bin
20:47:31 [ERROR] FAILURE Halo 3 12070.08.09.05.2031.halo3_ship import-variant: C:\Users\codie\AppData\Local\Temp\blf-upgrade-28843d5f-0e42-40d5-8823-a454a9dbde65\default_hoppers\game_variants\3_ball_rockets.bin
20:47:31 [ERROR] FAILURE Halo 3 12070.08.09.05.2031.halo3_ship import-variant: C:\Users\codie\AppData\Local\Temp\blf-upgrade-28843d5f-0e42-40d5-8823-a454a9dbde65\default_hoppers\game_variants\5-min_fiesta.bin
20:47:31 [ERROR] FAILURE Halo 3 12070.08.09.05.2031.halo3_ship import-variant: C:\Users\codie\AppData\Local\Temp\blf-upgrade-28843d5f-0e42-40d5-8823-a454a9dbde65\default_hoppers\game_variants\5-min_king.bin
20:47:31 [ERROR] FAILURE Halo 3 12070.08.09.05.2031.halo3_ship import-variant: C:\Users\codie\AppData\Local\Temp\blf-upgrade-28843d5f-0e42-40d5-8823-a454a9dbde65\default_hoppers\game_variants\5-min_mlg_ffa.bin
20:47:31 [ERROR] FAILURE Halo 3 12070.08.09.05.2031.halo3_ship import-variant: C:\Users\codie\AppData\Local\Temp\blf-upgrade-28843d5f-0e42-40d5-8823-a454a9dbde65\default_hoppers\game_variants\5-min_oddball.bin
20:47:31 [ERROR] FAILURE Halo 3 12070.08.09.05.2031.halo3_ship import-variant: C:\Users\codie\AppData\Local\Temp\blf-upgrade-28843d5f-0e42-40d5-8823-a454a9dbde65\default_hoppers\game_variants\5-min_rockets.bin
20:47:31 [ERROR] FAILURE Halo 3 12070.08.09.05.2031.halo3_ship import-variant: C:\Users\codie\AppData\Local\Temp\blf-upgrade-28843d5f-0e42-40d5-8823-a454a9dbde65\default_hoppers\game_variants\5-min_slayer.bin
20:47:31 [ERROR] FAILURE Halo 3 12070.08.09.05.2031.halo3_ship import-variant: C:\Users\codie\AppData\Local\Temp\blf-upgrade-28843d5f-0e42-40d5-8823-a454a9dbde65\default_hoppers\game_variants\5-min_slayer_br.bin
20:47:31 [ERROR] FAILURE Halo 3 12070.08.09.05.2031.halo3_ship import-variant: C:\Users\codie\AppData\Local\Temp\blf-upgrade-28843d5f-0e42-40d5-8823-a454a9dbde65\default_hoppers\game_variants\5-min_swords.bin
20:47:31 [ERROR] FAILURE Halo 3 12070.08.09.05.2031.halo3_ship import-variant: C:\Users\codie\AppData\Local\Temp\blf-upgrade-28843d5f-0e42-40d5-8823-a454a9dbde65\default_hoppers\game_variants\aeriel_grifball.bin
20:47:31 [ERROR] FAILURE Halo 3 12070.08.09.05.2031.halo3_ship import-variant: C:\Users\codie\AppData\Local\Temp\blf-upgrade-28843d5f-0e42-40d5-8823-a454a9dbde65\default_hoppers\game_variants\agla_-_grifball.bin
20:47:31 [ERROR] FAILURE Halo 3 12070.08.09.05.2031.halo3_ship import-variant: C:\Users\codie\AppData\Local\Temp\blf-upgrade-28843d5f-0e42-40d5-8823-a454a9dbde65\default_hoppers\game_variants\assault.bin
20:47:31 [ERROR] FAILURE Halo 3 12070.08.09.05.2031.halo3_ship import-variant: C:\Users\codie\AppData\Local\Temp\blf-upgrade-28843d5f-0e42-40d5-8823-a454a9dbde65\default_hoppers\game_variants\asset_escort.bin
20:47:31 [ERROR] FAILURE Halo 3 12070.08.09.05.2031.halo3_ship import-variant: C:\Users\codie\AppData\Local\Temp\blf-upgrade-28843d5f-0e42-40d5-8823-a454a9dbde65\default_hoppers\game_variants\big_splockets.bin
20:47:31 [ERROR] FAILURE Halo 3 12070.08.09.05.2031.halo3_ship import-variant: C:\Users\codie\AppData\Local\Temp\blf-upgrade-28843d5f-0e42-40d5-8823-a454a9dbde65\default_hoppers\game_variants\black_friday.bin
20:47:32 [ERROR] FAILURE Halo 3 12070.08.09.05.2031.halo3_ship import-variant: C:\Users\codie\AppData\Local\Temp\blf-upgrade-28843d5f-0e42-40d5-8823-a454a9dbde65\default_hoppers\game_variants\br_duel.bin
20:47:32 [ERROR] FAILURE Halo 3 12070.08.09.05.2031.halo3_ship import-variant: C:\Users\codie\AppData\Local\Temp\blf-upgrade-28843d5f-0e42-40d5-8823-a454a9dbde65\default_hoppers\game_variants\crazy_king.bin
20:47:32 [ERROR] FAILURE Halo 3 12070.08.09.05.2031.halo3_ship import-variant: C:\Users\codie\AppData\Local\Temp\blf-upgrade-28843d5f-0e42-40d5-8823-a454a9dbde65\default_hoppers\game_variants\creepingrockets.bin
20:47:32 [ERROR] FAILURE Halo 3 12070.08.09.05.2031.halo3_ship import-variant: C:\Users\codie\AppData\Local\Temp\blf-upgrade-28843d5f-0e42-40d5-8823-a454a9dbde65\default_hoppers\game_variants\duel_ball.bin
20:47:32 [ERROR] FAILURE Halo 3 12070.08.09.05.2031.halo3_ship import-variant: C:\Users\codie\AppData\Local\Temp\blf-upgrade-28843d5f-0e42-40d5-8823-a454a9dbde65\default_hoppers\game_variants\duel_crazy_king.bin
20:47:32 [ERROR] FAILURE Halo 3 12070.08.09.05.2031.halo3_ship import-variant: C:\Users\codie\AppData\Local\Temp\blf-upgrade-28843d5f-0e42-40d5-8823-a454a9dbde65\default_hoppers\game_variants\eliminatio.bin
20:47:32 [ERROR] FAILURE Halo 3 12070.08.09.05.2031.halo3_ship import-variant: C:\Users\codie\AppData\Local\Temp\blf-upgrade-28843d5f-0e42-40d5-8823-a454a9dbde65\default_hoppers\game_variants\elim_snipers.bin
20:47:32 [ERROR] FAILURE Halo 3 12070.08.09.05.2031.halo3_ship import-variant: C:\Users\codie\AppData\Local\Temp\blf-upgrade-28843d5f-0e42-40d5-8823-a454a9dbde65\default_hoppers\game_variants\fiestanaut.bin
20:47:32 [ERROR] FAILURE Halo 3 12070.08.09.05.2031.halo3_ship import-variant: C:\Users\codie\AppData\Local\Temp\blf-upgrade-28843d5f-0e42-40d5-8823-a454a9dbde65\default_hoppers\game_variants\fiesta_ball.bin
20:47:32 [ERROR] FAILURE Halo 3 12070.08.09.05.2031.halo3_ship import-variant: C:\Users\codie\AppData\Local\Temp\blf-upgrade-28843d5f-0e42-40d5-8823-a454a9dbde65\default_hoppers\game_variants\fiesta_king.bin
20:47:33 [ERROR] FAILURE Halo 3 12070.08.09.05.2031.halo3_ship import-variant: C:\Users\codie\AppData\Local\Temp\blf-upgrade-28843d5f-0e42-40d5-8823-a454a9dbde65\default_hoppers\game_variants\grifballupthere.bin
20:47:33 [ERROR] FAILURE Halo 3 12070.08.09.05.2031.halo3_ship import-variant: C:\Users\codie\AppData\Local\Temp\blf-upgrade-28843d5f-0e42-40d5-8823-a454a9dbde65\default_hoppers\game_variants\hammerzeit.bin
20:47:33 [ERROR] FAILURE Halo 3 12070.08.09.05.2031.halo3_ship import-variant: C:\Users\codie\AppData\Local\Temp\blf-upgrade-28843d5f-0e42-40d5-8823-a454a9dbde65\default_hoppers\game_variants\hammer_hill.bin
20:47:33 [ERROR] FAILURE Halo 3 12070.08.09.05.2031.halo3_ship import-variant: C:\Users\codie\AppData\Local\Temp\blf-upgrade-28843d5f-0e42-40d5-8823-a454a9dbde65\default_hoppers\game_variants\mayan_grifball.bin
20:47:33 [ERROR] FAILURE Halo 3 12070.08.09.05.2031.halo3_ship import-variant: C:\Users\codie\AppData\Local\Temp\blf-upgrade-28843d5f-0e42-40d5-8823-a454a9dbde65\default_hoppers\game_variants\mlg_multi_flag.bin
20:47:33 [ERROR] FAILURE Halo 3 12070.08.09.05.2031.halo3_ship import-variant: C:\Users\codie\AppData\Local\Temp\blf-upgrade-28843d5f-0e42-40d5-8823-a454a9dbde65\default_hoppers\game_variants\mlg_team_ball.bin
20:47:33 [ERROR] FAILURE Halo 3 12070.08.09.05.2031.halo3_ship import-variant: C:\Users\codie\AppData\Local\Temp\blf-upgrade-28843d5f-0e42-40d5-8823-a454a9dbde65\default_hoppers\game_variants\mosh_pit.bin
20:47:33 [ERROR] FAILURE Halo 3 12070.08.09.05.2031.halo3_ship import-variant: C:\Users\codie\AppData\Local\Temp\blf-upgrade-28843d5f-0e42-40d5-8823-a454a9dbde65\default_hoppers\game_variants\multi_flag_brs.bin
20:47:33 [ERROR] FAILURE Halo 3 12070.08.09.05.2031.halo3_ship import-variant: C:\Users\codie\AppData\Local\Temp\blf-upgrade-28843d5f-0e42-40d5-8823-a454a9dbde65\default_hoppers\game_variants\ninja_assault.bin
20:47:34 [ERROR] FAILURE Halo 3 12070.08.09.05.2031.halo3_ship import-variant: C:\Users\codie\AppData\Local\Temp\blf-upgrade-28843d5f-0e42-40d5-8823-a454a9dbde65\default_hoppers\game_variants\oddball.bin
20:47:34 [ERROR] FAILURE Halo 3 12070.08.09.05.2031.halo3_ship import-variant: C:\Users\codie\AppData\Local\Temp\blf-upgrade-28843d5f-0e42-40d5-8823-a454a9dbde65\default_hoppers\game_variants\odst_slayer.bin
20:47:34 [ERROR] FAILURE Halo 3 12070.08.09.05.2031.halo3_ship import-variant: C:\Users\codie\AppData\Local\Temp\blf-upgrade-28843d5f-0e42-40d5-8823-a454a9dbde65\default_hoppers\game_variants\one_bomb.bin
20:47:34 [ERROR] FAILURE Halo 3 12070.08.09.05.2031.halo3_ship import-variant: C:\Users\codie\AppData\Local\Temp\blf-upgrade-28843d5f-0e42-40d5-8823-a454a9dbde65\default_hoppers\game_variants\pistols_at_dawn.bin
20:47:34 [ERROR] FAILURE Halo 3 12070.08.09.05.2031.halo3_ship import-variant: C:\Users\codie\AppData\Local\Temp\blf-upgrade-28843d5f-0e42-40d5-8823-a454a9dbde65\default_hoppers\game_variants\racetracks.bin
20:47:34 [ERROR] FAILURE Halo 3 12070.08.09.05.2031.halo3_ship import-variant: C:\Users\codie\AppData\Local\Temp\blf-upgrade-28843d5f-0e42-40d5-8823-a454a9dbde65\default_hoppers\game_variants\red_glare.bin
20:47:34 [ERROR] FAILURE Halo 3 12070.08.09.05.2031.halo3_ship import-variant: C:\Users\codie\AppData\Local\Temp\blf-upgrade-28843d5f-0e42-40d5-8823-a454a9dbde65\default_hoppers\game_variants\rockets.bin
20:47:34 [ERROR] FAILURE Halo 3 12070.08.09.05.2031.halo3_ship import-variant: C:\Users\codie\AppData\Local\Temp\blf-upgrade-28843d5f-0e42-40d5-8823-a454a9dbde65\default_hoppers\game_variants\rocket_ball.bin
20:47:34 [ERROR] FAILURE Halo 3 12070.08.09.05.2031.halo3_ship import-variant: C:\Users\codie\AppData\Local\Temp\blf-upgrade-28843d5f-0e42-40d5-8823-a454a9dbde65\default_hoppers\game_variants\rocket_king.bin
20:47:34 [ERROR] FAILURE Halo 3 12070.08.09.05.2031.halo3_ship import-variant: C:\Users\codie\AppData\Local\Temp\blf-upgrade-28843d5f-0e42-40d5-8823-a454a9dbde65\default_hoppers\game_variants\run_for_cover.bin
20:47:34 [ERROR] FAILURE Halo 3 12070.08.09.05.2031.halo3_ship import-variant: C:\Users\codie\AppData\Local\Temp\blf-upgrade-28843d5f-0e42-40d5-8823-a454a9dbde65\default_hoppers\game_variants\shotty_snipers.bin
20:47:34 [ERROR] FAILURE Halo 3 12070.08.09.05.2031.halo3_ship import-variant: C:\Users\codie\AppData\Local\Temp\blf-upgrade-28843d5f-0e42-40d5-8823-a454a9dbde65\default_hoppers\game_variants\showerball_base.bin
20:47:34 [ERROR] FAILURE Halo 3 12070.08.09.05.2031.halo3_ship import-variant: C:\Users\codie\AppData\Local\Temp\blf-upgrade-28843d5f-0e42-40d5-8823-a454a9dbde65\default_hoppers\game_variants\shwatguns.bin
20:47:34 [ERROR] FAILURE Halo 3 12070.08.09.05.2031.halo3_ship import-variant: C:\Users\codie\AppData\Local\Temp\blf-upgrade-28843d5f-0e42-40d5-8823-a454a9dbde65\default_hoppers\game_variants\slayer_brs.bin
20:47:34 [ERROR] FAILURE Halo 3 12070.08.09.05.2031.halo3_ship import-variant: C:\Users\codie\AppData\Local\Temp\blf-upgrade-28843d5f-0e42-40d5-8823-a454a9dbde65\default_hoppers\game_variants\slayer_duel.bin
20:47:34 [ERROR] FAILURE Halo 3 12070.08.09.05.2031.halo3_ship import-variant: C:\Users\codie\AppData\Local\Temp\blf-upgrade-28843d5f-0e42-40d5-8823-a454a9dbde65\default_hoppers\game_variants\sniper_hill.bin
20:47:35 [ERROR] FAILURE Halo 3 12070.08.09.05.2031.halo3_ship import-variant: C:\Users\codie\AppData\Local\Temp\blf-upgrade-28843d5f-0e42-40d5-8823-a454a9dbde65\default_hoppers\game_variants\snockets.bin
20:47:35 [ERROR] FAILURE Halo 3 12070.08.09.05.2031.halo3_ship import-variant: C:\Users\codie\AppData\Local\Temp\blf-upgrade-28843d5f-0e42-40d5-8823-a454a9dbde65\default_hoppers\game_variants\splockets.bin
20:47:35 [ERROR] FAILURE Halo 3 12070.08.09.05.2031.halo3_ship import-variant: C:\Users\codie\AppData\Local\Temp\blf-upgrade-28843d5f-0e42-40d5-8823-a454a9dbde65\default_hoppers\game_variants\stab-out.bin
20:47:35 [ERROR] FAILURE Halo 3 12070.08.09.05.2031.halo3_ship import-variant: C:\Users\codie\AppData\Local\Temp\blf-upgrade-28843d5f-0e42-40d5-8823-a454a9dbde65\default_hoppers\game_variants\swatball.bin
20:47:35 [ERROR] FAILURE Halo 3 12070.08.09.05.2031.halo3_ship import-variant: C:\Users\codie\AppData\Local\Temp\blf-upgrade-28843d5f-0e42-40d5-8823-a454a9dbde65\default_hoppers\game_variants\swat_2_flag.bin
20:47:35 [ERROR] FAILURE Halo 3 12070.08.09.05.2031.halo3_ship import-variant: C:\Users\codie\AppData\Local\Temp\blf-upgrade-28843d5f-0e42-40d5-8823-a454a9dbde65\default_hoppers\game_variants\swat_magnums.bin
20:47:35 [ERROR] FAILURE Halo 3 12070.08.09.05.2031.halo3_ship import-variant: C:\Users\codie\AppData\Local\Temp\blf-upgrade-28843d5f-0e42-40d5-8823-a454a9dbde65\default_hoppers\game_variants\swords.bin
20:47:35 [ERROR] FAILURE Halo 3 12070.08.09.05.2031.halo3_ship import-variant: C:\Users\codie\AppData\Local\Temp\blf-upgrade-28843d5f-0e42-40d5-8823-a454a9dbde65\default_hoppers\game_variants\sword_duel.bin
20:47:35 [ERROR] FAILURE Halo 3 12070.08.09.05.2031.halo3_ship import-variant: C:\Users\codie\AppData\Local\Temp\blf-upgrade-28843d5f-0e42-40d5-8823-a454a9dbde65\default_hoppers\game_variants\team_brs.bin
20:47:35 [ERROR] FAILURE Halo 3 12070.08.09.05.2031.halo3_ship import-variant: C:\Users\codie\AppData\Local\Temp\blf-upgrade-28843d5f-0e42-40d5-8823-a454a9dbde65\default_hoppers\game_variants\team_duals.bin
20:47:35 [ERROR] FAILURE Halo 3 12070.08.09.05.2031.halo3_ship import-variant: C:\Users\codie\AppData\Local\Temp\blf-upgrade-28843d5f-0e42-40d5-8823-a454a9dbde65\default_hoppers\game_variants\team_king.bin
20:47:36 [ERROR] FAILURE Halo 3 12070.08.09.05.2031.halo3_ship import-variant: C:\Users\codie\AppData\Local\Temp\blf-upgrade-28843d5f-0e42-40d5-8823-a454a9dbde65\default_hoppers\game_variants\territories_br.bin
20:47:36 [ERROR] FAILURE Halo 3 12070.08.09.05.2031.halo3_ship import-variant: C:\Users\codie\AppData\Local\Temp\blf-upgrade-28843d5f-0e42-40d5-8823-a454a9dbde65\default_hoppers\game_variants\tryptophan.bin
20:47:36 [ERROR] FAILURE Halo 3 12070.08.09.05.2031.halo3_ship import-variant: C:\Users\codie\AppData\Local\Temp\blf-upgrade-28843d5f-0e42-40d5-8823-a454a9dbde65\default_hoppers\game_variants\turkey_carvers.bin
20:47:36 [ERROR] FAILURE Halo 3 12070.08.09.05.2031.halo3_ship import-variant: C:\Users\codie\AppData\Local\Temp\blf-upgrade-28843d5f-0e42-40d5-8823-a454a9dbde65\default_hoppers\game_variants\vip.bin
20:47:36 [ERROR] FAILURE Halo 3 12070.08.09.05.2031.halo3_ship import-variant: C:\Users\codie\AppData\Local\Temp\blf-upgrade-28843d5f-0e42-40d5-8823-a454a9dbde65\default_hoppers\game_variants\wishbone_brawl.bin
20:47:36 [ERROR] FAILURE Halo 3 12070.08.09.05.2031.halo3_ship import-variant: C:\Users\codie\AppData\Local\Temp\blf-upgrade-28843d5f-0e42-40d5-8823-a454a9dbde65\tu2_hoppers\game_variants\1_flag_brs.bin
20:47:36 [ERROR] FAILURE Halo 3 12070.08.09.05.2031.halo3_ship import-variant: C:\Users\codie\AppData\Local\Temp\blf-upgrade-28843d5f-0e42-40d5-8823-a454a9dbde65\tu2_hoppers\game_variants\1_flag_classic.bin
20:47:36 [ERROR] FAILURE Halo 3 12070.08.09.05.2031.halo3_ship import-variant: C:\Users\codie\AppData\Local\Temp\blf-upgrade-28843d5f-0e42-40d5-8823-a454a9dbde65\tu2_hoppers\game_variants\1_flag_ctf.bin
20:47:36 [ERROR] FAILURE Halo 3 12070.08.09.05.2031.halo3_ship import-variant: C:\Users\codie\AppData\Local\Temp\blf-upgrade-28843d5f-0e42-40d5-8823-a454a9dbde65\tu2_hoppers\game_variants\1_flag_doubles.bin
20:47:37 [ERROR] FAILURE Halo 3 12070.08.09.05.2031.halo3_ship import-variant: C:\Users\codie\AppData\Local\Temp\blf-upgrade-28843d5f-0e42-40d5-8823-a454a9dbde65\tu2_hoppers\game_variants\2_bomb_assault.bin
20:47:37 [ERROR] FAILURE Halo 3 12070.08.09.05.2031.halo3_ship import-variant: C:\Users\codie\AppData\Local\Temp\blf-upgrade-28843d5f-0e42-40d5-8823-a454a9dbde65\tu2_hoppers\game_variants\2_flag_classic.bin
20:47:37 [ERROR] FAILURE Halo 3 12070.08.09.05.2031.halo3_ship import-variant: C:\Users\codie\AppData\Local\Temp\blf-upgrade-28843d5f-0e42-40d5-8823-a454a9dbde65\tu2_hoppers\game_variants\2_flag_doubles.bin
20:47:37 [ERROR] FAILURE Halo 3 12070.08.09.05.2031.halo3_ship import-variant: C:\Users\codie\AppData\Local\Temp\blf-upgrade-28843d5f-0e42-40d5-8823-a454a9dbde65\tu2_hoppers\game_variants\2_flag_heavy.bin
20:47:37 [ERROR] FAILURE Halo 3 12070.08.09.05.2031.halo3_ship import-variant: C:\Users\codie\AppData\Local\Temp\blf-upgrade-28843d5f-0e42-40d5-8823-a454a9dbde65\tu2_hoppers\game_variants\2_flag_shottys.bin
20:47:37 [ERROR] FAILURE Halo 3 12070.08.09.05.2031.halo3_ship import-variant: C:\Users\codie\AppData\Local\Temp\blf-upgrade-28843d5f-0e42-40d5-8823-a454a9dbde65\tu2_hoppers\game_variants\3_ball.bin
20:47:37 [ERROR] FAILURE Halo 3 12070.08.09.05.2031.halo3_ship import-variant: C:\Users\codie\AppData\Local\Temp\blf-upgrade-28843d5f-0e42-40d5-8823-a454a9dbde65\tu2_hoppers\game_variants\3_ball_fiesta.bin
20:47:37 [ERROR] FAILURE Halo 3 12070.08.09.05.2031.halo3_ship import-variant: C:\Users\codie\AppData\Local\Temp\blf-upgrade-28843d5f-0e42-40d5-8823-a454a9dbde65\tu2_hoppers\game_variants\3_ball_hardcore.bin
20:47:37 [ERROR] FAILURE Halo 3 12070.08.09.05.2031.halo3_ship import-variant: C:\Users\codie\AppData\Local\Temp\blf-upgrade-28843d5f-0e42-40d5-8823-a454a9dbde65\tu2_hoppers\game_variants\3_ball_rockets.bin
20:47:37 [ERROR] FAILURE Halo 3 12070.08.09.05.2031.halo3_ship import-variant: C:\Users\codie\AppData\Local\Temp\blf-upgrade-28843d5f-0e42-40d5-8823-a454a9dbde65\tu2_hoppers\game_variants\aeriel_grifball.bin
20:47:37 [ERROR] FAILURE Halo 3 12070.08.09.05.2031.halo3_ship import-variant: C:\Users\codie\AppData\Local\Temp\blf-upgrade-28843d5f-0e42-40d5-8823-a454a9dbde65\tu2_hoppers\game_variants\agla_-_grifball.bin
20:47:37 [ERROR] FAILURE Halo 3 12070.08.09.05.2031.halo3_ship import-variant: C:\Users\codie\AppData\Local\Temp\blf-upgrade-28843d5f-0e42-40d5-8823-a454a9dbde65\tu2_hoppers\game_variants\assault.bin
20:47:37 [ERROR] FAILURE Halo 3 12070.08.09.05.2031.halo3_ship import-variant: C:\Users\codie\AppData\Local\Temp\blf-upgrade-28843d5f-0e42-40d5-8823-a454a9dbde65\tu2_hoppers\game_variants\asset_escort.bin
20:47:37 [ERROR] FAILURE Halo 3 12070.08.09.05.2031.halo3_ship import-variant: C:\Users\codie\AppData\Local\Temp\blf-upgrade-28843d5f-0e42-40d5-8823-a454a9dbde65\tu2_hoppers\game_variants\big_splockets.bin
20:47:37 [ERROR] FAILURE Halo 3 12070.08.09.05.2031.halo3_ship import-variant: C:\Users\codie\AppData\Local\Temp\blf-upgrade-28843d5f-0e42-40d5-8823-a454a9dbde65\tu2_hoppers\game_variants\black_friday.bin
20:47:38 [ERROR] FAILURE Halo 3 12070.08.09.05.2031.halo3_ship import-variant: C:\Users\codie\AppData\Local\Temp\blf-upgrade-28843d5f-0e42-40d5-8823-a454a9dbde65\tu2_hoppers\game_variants\crazy_king.bin
20:47:38 [ERROR] FAILURE Halo 3 12070.08.09.05.2031.halo3_ship import-variant: C:\Users\codie\AppData\Local\Temp\blf-upgrade-28843d5f-0e42-40d5-8823-a454a9dbde65\tu2_hoppers\game_variants\creepingrockets.bin
20:47:38 [ERROR] FAILURE Halo 3 12070.08.09.05.2031.halo3_ship import-variant: C:\Users\codie\AppData\Local\Temp\blf-upgrade-28843d5f-0e42-40d5-8823-a454a9dbde65\tu2_hoppers\game_variants\ffa_rocket_hill.bin
20:47:38 [ERROR] FAILURE Halo 3 12070.08.09.05.2031.halo3_ship import-variant: C:\Users\codie\AppData\Local\Temp\blf-upgrade-28843d5f-0e42-40d5-8823-a454a9dbde65\tu2_hoppers\game_variants\ffa_rocket_lasers.bin
20:47:38 [ERROR] FAILURE Halo 3 12070.08.09.05.2031.halo3_ship import-variant: C:\Users\codie\AppData\Local\Temp\blf-upgrade-28843d5f-0e42-40d5-8823-a454a9dbde65\tu2_hoppers\game_variants\ffa_rocket_oddball.bin
20:47:38 [ERROR] FAILURE Halo 3 12070.08.09.05.2031.halo3_ship import-variant: C:\Users\codie\AppData\Local\Temp\blf-upgrade-28843d5f-0e42-40d5-8823-a454a9dbde65\tu2_hoppers\game_variants\ffa_rocket_snipers.bin
20:47:38 [ERROR] FAILURE Halo 3 12070.08.09.05.2031.halo3_ship import-variant: C:\Users\codie\AppData\Local\Temp\blf-upgrade-28843d5f-0e42-40d5-8823-a454a9dbde65\tu2_hoppers\game_variants\fiestanaut.bin
20:47:38 [ERROR] FAILURE Halo 3 12070.08.09.05.2031.halo3_ship import-variant: C:\Users\codie\AppData\Local\Temp\blf-upgrade-28843d5f-0e42-40d5-8823-a454a9dbde65\tu2_hoppers\game_variants\fiesta_ball.bin
20:47:38 [ERROR] FAILURE Halo 3 12070.08.09.05.2031.halo3_ship import-variant: C:\Users\codie\AppData\Local\Temp\blf-upgrade-28843d5f-0e42-40d5-8823-a454a9dbde65\tu2_hoppers\game_variants\fiesta_king.bin
20:47:38 [ERROR] FAILURE Halo 3 12070.08.09.05.2031.halo3_ship import-variant: C:\Users\codie\AppData\Local\Temp\blf-upgrade-28843d5f-0e42-40d5-8823-a454a9dbde65\tu2_hoppers\game_variants\grifballupthere.bin
20:47:38 [ERROR] FAILURE Halo 3 12070.08.09.05.2031.halo3_ship import-variant: C:\Users\codie\AppData\Local\Temp\blf-upgrade-28843d5f-0e42-40d5-8823-a454a9dbde65\tu2_hoppers\game_variants\hammerzeit.bin
20:47:38 [ERROR] FAILURE Halo 3 12070.08.09.05.2031.halo3_ship import-variant: C:\Users\codie\AppData\Local\Temp\blf-upgrade-28843d5f-0e42-40d5-8823-a454a9dbde65\tu2_hoppers\game_variants\hammer_hill.bin
20:47:38 [ERROR] FAILURE Halo 3 12070.08.09.05.2031.halo3_ship import-variant: C:\Users\codie\AppData\Local\Temp\blf-upgrade-28843d5f-0e42-40d5-8823-a454a9dbde65\tu2_hoppers\game_variants\mayan_grifball.bin
20:47:38 [ERROR] FAILURE Halo 3 12070.08.09.05.2031.halo3_ship import-variant: C:\Users\codie\AppData\Local\Temp\blf-upgrade-28843d5f-0e42-40d5-8823-a454a9dbde65\tu2_hoppers\game_variants\mlg_ffa.bin
20:47:39 [ERROR] FAILURE Halo 3 12070.08.09.05.2031.halo3_ship import-variant: C:\Users\codie\AppData\Local\Temp\blf-upgrade-28843d5f-0e42-40d5-8823-a454a9dbde65\tu2_hoppers\game_variants\mlg_multi_flag.bin
20:47:39 [ERROR] FAILURE Halo 3 12070.08.09.05.2031.halo3_ship import-variant: C:\Users\codie\AppData\Local\Temp\blf-upgrade-28843d5f-0e42-40d5-8823-a454a9dbde65\tu2_hoppers\game_variants\mlg_team_ball.bin
20:47:39 [ERROR] FAILURE Halo 3 12070.08.09.05.2031.halo3_ship import-variant: C:\Users\codie\AppData\Local\Temp\blf-upgrade-28843d5f-0e42-40d5-8823-a454a9dbde65\tu2_hoppers\game_variants\mosh_pit.bin
20:47:39 [ERROR] FAILURE Halo 3 12070.08.09.05.2031.halo3_ship import-variant: C:\Users\codie\AppData\Local\Temp\blf-upgrade-28843d5f-0e42-40d5-8823-a454a9dbde65\tu2_hoppers\game_variants\multi_flag_brs.bin
20:47:39 [ERROR] FAILURE Halo 3 12070.08.09.05.2031.halo3_ship import-variant: C:\Users\codie\AppData\Local\Temp\blf-upgrade-28843d5f-0e42-40d5-8823-a454a9dbde65\tu2_hoppers\game_variants\ninja_assault.bin
20:47:39 [ERROR] FAILURE Halo 3 12070.08.09.05.2031.halo3_ship import-variant: C:\Users\codie\AppData\Local\Temp\blf-upgrade-28843d5f-0e42-40d5-8823-a454a9dbde65\tu2_hoppers\game_variants\oddball.bin
20:47:39 [ERROR] FAILURE Halo 3 12070.08.09.05.2031.halo3_ship import-variant: C:\Users\codie\AppData\Local\Temp\blf-upgrade-28843d5f-0e42-40d5-8823-a454a9dbde65\tu2_hoppers\game_variants\odst_slayer.bin
20:47:39 [ERROR] FAILURE Halo 3 12070.08.09.05.2031.halo3_ship import-variant: C:\Users\codie\AppData\Local\Temp\blf-upgrade-28843d5f-0e42-40d5-8823-a454a9dbde65\tu2_hoppers\game_variants\one_bomb.bin
20:47:39 [ERROR] FAILURE Halo 3 12070.08.09.05.2031.halo3_ship import-variant: C:\Users\codie\AppData\Local\Temp\blf-upgrade-28843d5f-0e42-40d5-8823-a454a9dbde65\tu2_hoppers\game_variants\red_glare.bin
20:47:39 [ERROR] FAILURE Halo 3 12070.08.09.05.2031.halo3_ship import-variant: C:\Users\codie\AppData\Local\Temp\blf-upgrade-28843d5f-0e42-40d5-8823-a454a9dbde65\tu2_hoppers\game_variants\rockets.bin
20:47:39 [ERROR] FAILURE Halo 3 12070.08.09.05.2031.halo3_ship import-variant: C:\Users\codie\AppData\Local\Temp\blf-upgrade-28843d5f-0e42-40d5-8823-a454a9dbde65\tu2_hoppers\game_variants\rocket_ball.bin
20:47:39 [ERROR] FAILURE Halo 3 12070.08.09.05.2031.halo3_ship import-variant: C:\Users\codie\AppData\Local\Temp\blf-upgrade-28843d5f-0e42-40d5-8823-a454a9dbde65\tu2_hoppers\game_variants\rocket_king.bin
20:47:39 [ERROR] FAILURE Halo 3 12070.08.09.05.2031.halo3_ship import-variant: C:\Users\codie\AppData\Local\Temp\blf-upgrade-28843d5f-0e42-40d5-8823-a454a9dbde65\tu2_hoppers\game_variants\rumble_hammers.bin
20:47:39 [ERROR] FAILURE Halo 3 12070.08.09.05.2031.halo3_ship import-variant: C:\Users\codie\AppData\Local\Temp\blf-upgrade-28843d5f-0e42-40d5-8823-a454a9dbde65\tu2_hoppers\game_variants\run_for_cover.bin
20:47:39 [ERROR] FAILURE Halo 3 12070.08.09.05.2031.halo3_ship import-variant: C:\Users\codie\AppData\Local\Temp\blf-upgrade-28843d5f-0e42-40d5-8823-a454a9dbde65\tu2_hoppers\game_variants\shotty_snipers.bin
20:47:39 [ERROR] FAILURE Halo 3 12070.08.09.05.2031.halo3_ship import-variant: C:\Users\codie\AppData\Local\Temp\blf-upgrade-28843d5f-0e42-40d5-8823-a454a9dbde65\tu2_hoppers\game_variants\shwatguns.bin
20:47:39 [ERROR] FAILURE Halo 3 12070.08.09.05.2031.halo3_ship import-variant: C:\Users\codie\AppData\Local\Temp\blf-upgrade-28843d5f-0e42-40d5-8823-a454a9dbde65\tu2_hoppers\game_variants\slayer.bin
20:47:39 [ERROR] FAILURE Halo 3 12070.08.09.05.2031.halo3_ship import-variant: C:\Users\codie\AppData\Local\Temp\blf-upgrade-28843d5f-0e42-40d5-8823-a454a9dbde65\tu2_hoppers\game_variants\slayer_brs.bin
20:47:39 [ERROR] FAILURE Halo 3 12070.08.09.05.2031.halo3_ship import-variant: C:\Users\codie\AppData\Local\Temp\blf-upgrade-28843d5f-0e42-40d5-8823-a454a9dbde65\tu2_hoppers\game_variants\sniper_hill.bin
20:47:39 [ERROR] FAILURE Halo 3 12070.08.09.05.2031.halo3_ship import-variant: C:\Users\codie\AppData\Local\Temp\blf-upgrade-28843d5f-0e42-40d5-8823-a454a9dbde65\tu2_hoppers\game_variants\snockets.bin
20:47:39 [ERROR] FAILURE Halo 3 12070.08.09.05.2031.halo3_ship import-variant: C:\Users\codie\AppData\Local\Temp\blf-upgrade-28843d5f-0e42-40d5-8823-a454a9dbde65\tu2_hoppers\game_variants\splockets.bin
20:47:39 [ERROR] FAILURE Halo 3 12070.08.09.05.2031.halo3_ship import-variant: C:\Users\codie\AppData\Local\Temp\blf-upgrade-28843d5f-0e42-40d5-8823-a454a9dbde65\tu2_hoppers\game_variants\stab-out.bin
20:47:39 [ERROR] FAILURE Halo 3 12070.08.09.05.2031.halo3_ship import-variant: C:\Users\codie\AppData\Local\Temp\blf-upgrade-28843d5f-0e42-40d5-8823-a454a9dbde65\tu2_hoppers\game_variants\swatball.bin
20:47:39 [ERROR] FAILURE Halo 3 12070.08.09.05.2031.halo3_ship import-variant: C:\Users\codie\AppData\Local\Temp\blf-upgrade-28843d5f-0e42-40d5-8823-a454a9dbde65\tu2_hoppers\game_variants\swat_2_flag.bin
20:47:39 [ERROR] FAILURE Halo 3 12070.08.09.05.2031.halo3_ship import-variant: C:\Users\codie\AppData\Local\Temp\blf-upgrade-28843d5f-0e42-40d5-8823-a454a9dbde65\tu2_hoppers\game_variants\swat_magnums.bin
20:47:39 [ERROR] FAILURE Halo 3 12070.08.09.05.2031.halo3_ship import-variant: C:\Users\codie\AppData\Local\Temp\blf-upgrade-28843d5f-0e42-40d5-8823-a454a9dbde65\tu2_hoppers\game_variants\swords.bin
20:47:40 [ERROR] FAILURE Halo 3 12070.08.09.05.2031.halo3_ship import-variant: C:\Users\codie\AppData\Local\Temp\blf-upgrade-28843d5f-0e42-40d5-8823-a454a9dbde65\tu2_hoppers\game_variants\team_brs.bin
20:47:40 [ERROR] FAILURE Halo 3 12070.08.09.05.2031.halo3_ship import-variant: C:\Users\codie\AppData\Local\Temp\blf-upgrade-28843d5f-0e42-40d5-8823-a454a9dbde65\tu2_hoppers\game_variants\team_duals.bin
20:47:40 [ERROR] FAILURE Halo 3 12070.08.09.05.2031.halo3_ship import-variant: C:\Users\codie\AppData\Local\Temp\blf-upgrade-28843d5f-0e42-40d5-8823-a454a9dbde65\tu2_hoppers\game_variants\team_hammers.bin
20:47:40 [ERROR] FAILURE Halo 3 12070.08.09.05.2031.halo3_ship import-variant: C:\Users\codie\AppData\Local\Temp\blf-upgrade-28843d5f-0e42-40d5-8823-a454a9dbde65\tu2_hoppers\game_variants\team_king.bin
20:47:40 [ERROR] FAILURE Halo 3 12070.08.09.05.2031.halo3_ship import-variant: C:\Users\codie\AppData\Local\Temp\blf-upgrade-28843d5f-0e42-40d5-8823-a454a9dbde65\tu2_hoppers\game_variants\team_king_hammers.bin
20:47:40 [ERROR] FAILURE Halo 3 12070.08.09.05.2031.halo3_ship import-variant: C:\Users\codie\AppData\Local\Temp\blf-upgrade-28843d5f-0e42-40d5-8823-a454a9dbde65\tu2_hoppers\game_variants\team_rocket_lasers.bin
20:47:40 [ERROR] FAILURE Halo 3 12070.08.09.05.2031.halo3_ship import-variant: C:\Users\codie\AppData\Local\Temp\blf-upgrade-28843d5f-0e42-40d5-8823-a454a9dbde65\tu2_hoppers\game_variants\team_sniper_hill.bin
20:47:40 [ERROR] FAILURE Halo 3 12070.08.09.05.2031.halo3_ship import-variant: C:\Users\codie\AppData\Local\Temp\blf-upgrade-28843d5f-0e42-40d5-8823-a454a9dbde65\tu2_hoppers\game_variants\team_swords.bin
20:47:40 [ERROR] FAILURE Halo 3 12070.08.09.05.2031.halo3_ship import-variant: C:\Users\codie\AppData\Local\Temp\blf-upgrade-28843d5f-0e42-40d5-8823-a454a9dbde65\tu2_hoppers\game_variants\territories_br.bin
20:47:40 [ERROR] FAILURE Halo 3 12070.08.09.05.2031.halo3_ship import-variant: C:\Users\codie\AppData\Local\Temp\blf-upgrade-28843d5f-0e42-40d5-8823-a454a9dbde65\tu2_hoppers\game_variants\tryptophan.bin
20:47:40 [ERROR] FAILURE Halo 3 12070.08.09.05.2031.halo3_ship import-variant: C:\Users\codie\AppData\Local\Temp\blf-upgrade-28843d5f-0e42-40d5-8823-a454a9dbde65\tu2_hoppers\game_variants\turkey_boxingdaybrawl.bin
20:47:40 [ERROR] FAILURE Halo 3 12070.08.09.05.2031.halo3_ship import-variant: C:\Users\codie\AppData\Local\Temp\blf-upgrade-28843d5f-0e42-40d5-8823-a454a9dbde65\tu2_hoppers\game_variants\turkey_carvers.bin
20:47:40 [ERROR] FAILURE Halo 3 12070.08.09.05.2031.halo3_ship import-variant: C:\Users\codie\AppData\Local\Temp\blf-upgrade-28843d5f-0e42-40d5-8823-a454a9dbde65\tu2_hoppers\game_variants\turkey_fiesta.bin
20:47:40 [ERROR] FAILURE Halo 3 12070.08.09.05.2031.halo3_ship import-variant: C:\Users\codie\AppData\Local\Temp\blf-upgrade-28843d5f-0e42-40d5-8823-a454a9dbde65\tu2_hoppers\game_variants\turkey_infection.bin
20:47:40 [ERROR] FAILURE Halo 3 12070.08.09.05.2031.halo3_ship import-variant: C:\Users\codie\AppData\Local\Temp\blf-upgrade-28843d5f-0e42-40d5-8823-a454a9dbde65\tu2_hoppers\game_variants\turkey_oddball.bin
20:47:40 [ERROR] FAILURE Halo 3 12070.08.09.05.2031.halo3_ship import-variant: C:\Users\codie\AppData\Local\Temp\blf-upgrade-28843d5f-0e42-40d5-8823-a454a9dbde65\tu2_hoppers\game_variants\turkey_swords.bin
20:47:40 [ERROR] FAILURE Halo 3 12070.08.09.05.2031.halo3_ship import-variant: C:\Users\codie\AppData\Local\Temp\blf-upgrade-28843d5f-0e42-40d5-8823-a454a9dbde65\tu2_hoppers\game_variants\vip.bin
20:47:40 [ERROR] FAILURE Halo 3 12070.08.09.05.2031.halo3_ship import-variant: C:\Users\codie\AppData\Local\Temp\blf-upgrade-28843d5f-0e42-40d5-8823-a454a9dbde65\tu2_hoppers\game_variants\wishbone_brawl.bin
20:47:40 [INFO] Keeping build dir at C:\Users\codie\Projects\Blam-Title-Storage\reports\upgrade-20260819-203132\Halo_3_Release\build_dir
20:47:40 [INFO] Done Halo 3\Release: build=True build-config=True export 1336/1561 failed=225 skipped=0 import 1336/1561 failed=225 skipped=0
20:47:41 [INFO] ======== Halo Reach\Release / Halo: Reach / 12065.11.08.24.1738.tu1actual ========
20:47:41 [INFO] Temp build dir: C:\Users\codie\AppData\Local\Temp\blf-upgrade-09b01bbb-4612-4fba-a30d-41b0e2e4500d
20:47:41 [INFO] Step 1: build binaries from configuration
20:47:51 [INFO] Step 2: export game and map variants
20:47:51 [ERROR] FAILURE Halo: Reach 12065.11.08.24.1738.tu1actual export-variant: C:\Users\codie\Projects\Blam-Title-Storage\Halo Reach\Release\default_hoppers\map_variants\atom_default 2.json
20:47:51 [ERROR] FAILURE Halo: Reach 12065.11.08.24.1738.tu1actual export-variant: C:\Users\codie\Projects\Blam-Title-Storage\Halo Reach\Release\default_hoppers\map_variants\cliffhanger_default 2.json
20:47:51 [ERROR] FAILURE Halo: Reach 12065.11.08.24.1738.tu1actual export-variant: C:\Users\codie\Projects\Blam-Title-Storage\Halo Reach\Release\default_hoppers\map_variants\coastline_cage_default 2.json
20:47:52 [ERROR] FAILURE Halo: Reach 12065.11.08.24.1738.tu1actual export-variant: C:\Users\codie\Projects\Blam-Title-Storage\Halo Reach\Release\default_hoppers\map_variants\forgeworld_dreadnought 2.json
20:47:52 [ERROR] FAILURE Halo: Reach 12065.11.08.24.1738.tu1actual export-variant: C:\Users\codie\Projects\Blam-Title-Storage\Halo Reach\Release\default_hoppers\map_variants\forgeworld_eclipse 2.json
20:47:53 [ERROR] FAILURE Halo: Reach 12065.11.08.24.1738.tu1actual export-variant: C:\Users\codie\Projects\Blam-Title-Storage\Halo Reach\Release\default_hoppers\map_variants\hockey_rink_default 2.json
20:47:56 [ERROR] FAILURE Halo: Reach 12065.11.08.24.1738.tu1actual export-variant: C:\Users\codie\Projects\Blam-Title-Storage\Halo Reach\Release\default_hoppers\map_variants\timberland_cl 2.json
20:47:59 [ERROR] FAILURE Halo: Reach 12065.11.08.24.1738.tu1actual export-variant: C:\Users\codie\Projects\Blam-Title-Storage\Halo Reach\Release\tu1_hoppers\map_variants\mlg_the_pit_v7 2.json
20:47:59 [ERROR] FAILURE Halo: Reach 12065.11.08.24.1738.tu1actual export-variant: C:\Users\codie\Projects\Blam-Title-Storage\Halo Reach\Release\tu1_hoppers\map_variants\mlg_the_pit_v7 3.json
20:48:08 [INFO] Step 3: build configuration from binaries
20:48:14 [INFO] Step 4: import variants into configuration
20:48:20 [ERROR] FAILURE Halo: Reach 12065.11.08.24.1738.tu1actual import-variant: C:\Users\codie\AppData\Local\Temp\blf-upgrade-09b01bbb-4612-4fba-a30d-41b0e2e4500d\default_hoppers\map_variants\atom_default 2.bin
20:48:27 [ERROR] FAILURE Halo: Reach 12065.11.08.24.1738.tu1actual import-variant: C:\Users\codie\AppData\Local\Temp\blf-upgrade-09b01bbb-4612-4fba-a30d-41b0e2e4500d\default_hoppers\map_variants\cliffhanger_default 2.bin
20:48:31 [ERROR] FAILURE Halo: Reach 12065.11.08.24.1738.tu1actual import-variant: C:\Users\codie\AppData\Local\Temp\blf-upgrade-09b01bbb-4612-4fba-a30d-41b0e2e4500d\default_hoppers\map_variants\coastline_cage_default 2.bin
20:48:49 [ERROR] FAILURE Halo: Reach 12065.11.08.24.1738.tu1actual import-variant: C:\Users\codie\AppData\Local\Temp\blf-upgrade-09b01bbb-4612-4fba-a30d-41b0e2e4500d\default_hoppers\map_variants\forgeworld_dreadnought 2.bin
20:48:50 [ERROR] FAILURE Halo: Reach 12065.11.08.24.1738.tu1actual import-variant: C:\Users\codie\AppData\Local\Temp\blf-upgrade-09b01bbb-4612-4fba-a30d-41b0e2e4500d\default_hoppers\map_variants\forgeworld_eclipse 2.bin
20:49:45 [ERROR] FAILURE Halo: Reach 12065.11.08.24.1738.tu1actual import-variant: C:\Users\codie\AppData\Local\Temp\blf-upgrade-09b01bbb-4612-4fba-a30d-41b0e2e4500d\default_hoppers\map_variants\hockey_rink_default 2.bin
20:51:29 [ERROR] FAILURE Halo: Reach 12065.11.08.24.1738.tu1actual import-variant: C:\Users\codie\AppData\Local\Temp\blf-upgrade-09b01bbb-4612-4fba-a30d-41b0e2e4500d\default_hoppers\map_variants\timberland_cl 2.bin
20:53:13 [ERROR] FAILURE Halo: Reach 12065.11.08.24.1738.tu1actual import-variant: C:\Users\codie\AppData\Local\Temp\blf-upgrade-09b01bbb-4612-4fba-a30d-41b0e2e4500d\tu1_hoppers\map_variants\mlg_the_pit_v7 2.bin
20:53:13 [ERROR] FAILURE Halo: Reach 12065.11.08.24.1738.tu1actual import-variant: C:\Users\codie\AppData\Local\Temp\blf-upgrade-09b01bbb-4612-4fba-a30d-41b0e2e4500d\tu1_hoppers\map_variants\mlg_the_pit_v7 3.bin
20:56:02 [INFO] Keeping build dir at C:\Users\codie\Projects\Blam-Title-Storage\reports\upgrade-20260819-203132\Halo_Reach_Release\build_dir
20:56:02 [INFO] Done Halo Reach\Release: build=True build-config=True export 874/883 failed=9 skipped=0 import 874/883 failed=9 skipped=0
20:56:02 [INFO] ======== Halo Online / Halo: Online / 1.106708_cert_ms23___release ========
20:56:02 [INFO] Temp build dir: C:\Users\codie\AppData\Local\Temp\blf-upgrade-7a224700-c67f-4ec7-9cb4-47475d663d75
20:56:02 [INFO] Step 1: build binaries from configuration
20:56:08 [INFO] Step 2: export game and map variants
20:56:08 [WARN] export-variant unsupported after 1 attempt(s); skipping remaining exports
20:56:08 [WARN] export-variant is unsupported for this title/version; variants rely on build/build-config
20:56:08 [INFO] Step 3: build configuration from binaries
20:56:11 [INFO] Step 4: import variants into configuration
20:56:12 [INFO] Done Halo Online: build=True build-config=True export 0/1 failed=0 skipped=1 import 0/0 failed=0 skipped=0
20:56:12 [INFO] ======== Ares\Untracked / Ares / untracked ========
20:56:12 [INFO] Temp build dir: C:\Users\codie\AppData\Local\Temp\blf-upgrade-2c54ebe8-857e-41ab-a529-9d9de6d0a460
20:56:12 [INFO] Step 1: build binaries from configuration
20:56:18 [INFO] Step 2: export game and map variants
20:56:18 [WARN] export-variant unsupported after 1 attempt(s); skipping remaining exports
20:56:18 [WARN] export-variant is unsupported for this title/version; variants rely on build/build-config
20:56:18 [INFO] Step 3: build configuration from binaries
20:56:21 [INFO] Step 4: import variants into configuration
20:56:22 [INFO] Done Ares\Untracked: build=True build-config=True export 0/1 failed=0 skipped=1 import 0/0 failed=0 skipped=0
20:56:22 [INFO] All versions processed.
20:56:22 [INFO] Summary: C:\Users\codie\Projects\Blam-Title-Storage\reports\upgrade-20260819-203132\summary.json
20:56:22 [INFO] Failures: C:\Users\codie\Projects\Blam-Title-Storage\reports\upgrade-20260819-203132\failures.jsonl
